sl_nr;messstelle_id;messstelle_sl_nr;datum_pn;stoff_nr;probengut;messergebnis_c;messergebnis_hinweis;bestimmungsgrenze;masseinheit;trennverfahren;verfahren;vor_ort
3396033;094160090;24635;1968-10-15;1245;Grundwasser;2,71063;                                                  ;;mg/l;Gesamtgehalt;; 
9753769;021172109;3528;1965-04-27;1171;Grundwasser;<0,10000;Konzentration zu gering zur Bestimmung            ;;mg/l;Gesamtgehalt;DIN 38406-E2 MAI 1983; 
3396396;094160090;24635;1968-10-15;1331;Grundwasser;153,00000;                                                  ;;mg/l;Gesamtgehalt;; 
12363793;094160090;24635;1968-10-15;1244;Grundwasser;11,99996;                                                  ;;mg/l;Gesamtgehalt;; 
3396042;094160090;24635;1969-07-15;1245;Grundwasser;2,25886;                                                  ;;mg/l;Gesamtgehalt;; 
3396405;094160090;24635;1969-07-15;1331;Grundwasser;163,00000;                                                  ;;mg/l;Gesamtgehalt;; 
12363802;094160090;24635;1969-07-15;1244;Grundwasser;9,99997;                                                  ;;mg/l;Gesamtgehalt;; 
3396008;094160090;24635;1966-09-15;1245;Grundwasser;2,48475;                                                  ;;mg/l;Gesamtgehalt;; 
9753766;021172109;3528;1965-04-27;1331;Grundwasser;18,00000;                                                  ;;mg/l;Gesamtgehalt;DIN 38405-D1-1 DEZEMBER 1985; 
9753763;021172109;3528;1965-04-27;1011;Grundwasser;8,80000;                                                  ;;°C;Gesamtgehalt;DIN 38404-C4 DEZEMBER 1976;ja
9753767;021172109;3528;1965-04-27;1245;Grundwasser;0,03388;                                                  ;;mg/l;Gesamtgehalt;DIN 38405-D9-2 MAI 1979; 
9753770;021172109;3528;1965-04-27;1182;Grundwasser;3,20000;                                                  ;;mg/l;Gesamtgehalt;DEV(7) E1/1; 
9755393;021172109;3528;1965-04-27;1224;Grundwasser;140,00000;                                                  ;;mg/l;Nach Laborjournal;; 
9753774;021172109;3528;1965-04-27;1531;Grundwasser;8,80000;                                                  ;;mg/l;Nach Laborjournal;; 
9753764;021172109;3528;1965-04-27;1029;Grundwasser;11,80000;                                                  ;;FNU;Gesamtgehalt;; 
9753772;021172109;3528;1965-04-27;1121;Grundwasser;3,60000;                                                  ;;mg/l;Gesamtgehalt;DEV(7) E4/2; 
9753771;021172109;3528;1965-04-27;1122;Grundwasser;66,20000;                                                  ;;mg/l;Nach Laborjournal;; 
9753765;021172109;3528;1965-04-27;1061;Grundwasser;8,10000;                                                  ;;-;Gesamtgehalt;DIN 38404-C5 JANUAR 1984;ja
9753768;021172109;3528;1965-04-27;1313;Grundwasser;65,00000;                                                  ;;mg/l;Gesamtgehalt;DEV D5-1 6.LIEFERUNG 1971; 
12409936;021172109;3528;1965-04-27;1244;Grundwasser;0,14999;                                                  ;;mg/l;Gesamtgehalt;DIN 38405-D9-2 MAI 1979; 
9756642;021172109;3528;1965-04-27;1482;Grundwasser;1,87500;                                                  ;;mmol/l;Gesamtgehalt;; 
3396371;094160090;24635;1966-09-15;1331;Grundwasser;170,00000;                                                  ;;mg/l;Gesamtgehalt;; 
12363768;094160090;24635;1966-09-15;1244;Grundwasser;10,99999;                                                  ;;mg/l;Gesamtgehalt;; 
8519384;106502300;64559;1961-05-12;1695;Grundwasser;0,00000;                                                  ;;1/100ml;Gesamtgehalt;; 
8289705;100740522;64253;1965-04-01;1082;Grundwasser;5,80000;                                                  ;;mS/m;Gesamtgehalt;DIN 38404-C8 SEPTEMBER 1982; 
8289706;100740522;64253;1965-04-01;1245;Grundwasser;4,70000;                                                  ;;mg/l;Nach Laborjournal;DIN 38405-D9-2 MAI 1979; 
8289707;100740522;64253;1965-04-01;1313;Grundwasser;10,00000;                                                  ;;mg/l;Nach Laborjournal;DEV D5-1 6.LIEFERUNG 1971; 
8289704;100740522;64253;1965-04-01;1061;Grundwasser;7,50000;                                                  ;;-;Gesamtgehalt;DEV C5-2 4.LIEFERUNG 1966; 
8289708;100740522;64253;1965-04-01;1331;Grundwasser;39,00000;                                                  ;;mg/l;Nach Laborjournal;DEV D1-2,3; 
3395993;094160090;24635;1965-06-15;1245;Grundwasser;2,03297;                                                  ;;mg/l;Gesamtgehalt;; 
3396356;094160090;24635;1965-06-15;1331;Grundwasser;165,00000;                                                  ;;mg/l;Gesamtgehalt;; 
12363753;094160090;24635;1965-06-15;1244;Grundwasser;8,99996;                                                  ;;mg/l;Gesamtgehalt;; 
8519378;106502300;64559;1961-05-12;1249;Grundwasser;<0,00770;Konzentration zu gering zur Bestimmung            ;;mg/l;Gesamtgehalt;; 
12316611;100740522;64253;1965-04-01;1244;Grundwasser;20,80690;                                                  ;;mg/l;Nach Laborjournal;DIN 38405-D9-2 MAI 1979; 
8519377;106502300;64559;1961-05-12;1247;Grundwasser;<0,00600;Konzentration zu gering zur Bestimmung            ;;mg/l;Gesamtgehalt;; 
12571194;106502300;64559;1961-05-12;1246;Grundwasser;<0,01971;Konzentration zu gering zur Bestimmung            ;;mg/l;Gesamtgehalt;; 
12836774;106502300;64559;1961-05-12;1248;Grundwasser;<0,00992;Konzentration zu gering zur Bestimmung            ;;mg/l;Gesamtgehalt;; 
3396014;094160090;24635;1967-03-15;1245;Grundwasser;1,80709;                                                  ;;mg/l;Gesamtgehalt;; 
3396377;094160090;24635;1967-03-15;1331;Grundwasser;170,00000;                                                  ;;mg/l;Gesamtgehalt;; 
12363774;094160090;24635;1967-03-15;1244;Grundwasser;7,99999;                                                  ;;mg/l;Gesamtgehalt;; 
3396020;094160090;24635;1967-09-15;1245;Grundwasser;2,25886;                                                  ;;mg/l;Gesamtgehalt;; 
3396383;094160090;24635;1967-09-15;1331;Grundwasser;165,00000;                                                  ;;mg/l;Gesamtgehalt;; 
12363780;094160090;24635;1967-09-15;1244;Grundwasser;9,99997;                                                  ;;mg/l;Gesamtgehalt;; 
8519382;106502300;64559;1961-05-12;1472;Grundwasser;4,80000;                                                  ;;mmol/l;Gesamtgehalt;; 
3395987;094160090;24635;1964-12-15;1245;Grundwasser;1,80709;                                                  ;;mg/l;Gesamtgehalt;; 
3396350;094160090;24635;1964-12-15;1331;Grundwasser;144,00000;                                                  ;;mg/l;Gesamtgehalt;; 
12363747;094160090;24635;1964-12-15;1244;Grundwasser;7,99999;                                                  ;;mg/l;Gesamtgehalt;; 
3396025;094160090;24635;1968-02-15;1245;Grundwasser;4,06595;                                                  ;;mg/l;Gesamtgehalt;; 
3396388;094160090;24635;1968-02-15;1331;Grundwasser;162,00000;                                                  ;;mg/l;Gesamtgehalt;; 
12363785;094160090;24635;1968-02-15;1244;Grundwasser;17,99996;                                                  ;;mg/l;Gesamtgehalt;; 
8519381;106502300;64559;1961-05-12;1331;Grundwasser;16,00000;                                                  ;;mg/l;Gesamtgehalt;; 
8519383;106502300;64559;1961-05-12;1690;Grundwasser;0,00000;                                                  ;;1/ml;Gesamtgehalt;; 
8519376;106502300;64559;1961-05-12;1245;Grundwasser;0,45177;                                                  ;;mg/l;Gesamtgehalt;; 
8519380;106502300;64559;1961-05-12;1313;Grundwasser;80,00000;                                                  ;;mg/l;Gesamtgehalt;; 
8519379;106502300;64559;1961-05-12;1281;Grundwasser;7,50000;                                                  ;;mg/l;Gesamtgehalt;; 
8519374;106502300;64559;1961-05-12;1061;Grundwasser;7,20000;                                                  ;;-;Gesamtgehalt;DIN 38404-C5 JANUAR 1984;ja
8519375;106502300;64559;1961-05-12;1182;Grundwasser;0,06000;                                                  ;;mg/l;Gesamtgehalt;; 
8519373;106502300;64559;1961-05-12;1061;Grundwasser;7,20000;                                                  ;;-;Gesamtgehalt;; 
12320846;106502300;64559;1961-05-12;1244;Grundwasser;1,99999;                                                  ;;mg/l;Gesamtgehalt;; 
3396010;094160090;24635;1966-11-15;1245;Grundwasser;2,48475;                                                  ;;mg/l;Gesamtgehalt;; 
3396373;094160090;24635;1966-11-15;1331;Grundwasser;166,00000;                                                  ;;mg/l;Gesamtgehalt;; 
12363770;094160090;24635;1966-11-15;1244;Grundwasser;10,99999;                                                  ;;mg/l;Gesamtgehalt;; 
3395999;094160090;24635;1965-12-15;1245;Grundwasser;2,48475;                                                  ;;mg/l;Gesamtgehalt;; 
3396362;094160090;24635;1965-12-15;1331;Grundwasser;163,00000;                                                  ;;mg/l;Gesamtgehalt;; 
12363759;094160090;24635;1965-12-15;1244;Grundwasser;10,99999;                                                  ;;mg/l;Gesamtgehalt;; 
3396013;094160090;24635;1967-02-15;1245;Grundwasser;1,12943;                                                  ;;mg/l;Gesamtgehalt;; 
3396376;094160090;24635;1967-02-15;1331;Grundwasser;162,00000;                                                  ;;mg/l;Gesamtgehalt;; 
12363773;094160090;24635;1967-02-15;1244;Grundwasser;4,99999;                                                  ;;mg/l;Gesamtgehalt;; 
3396017;094160090;24635;1967-06-15;1245;Grundwasser;2,48475;                                                  ;;mg/l;Gesamtgehalt;; 
4258756;010409154;1107;1964-09-07;1697;Grundwasser;0,00000;                                                  ;;1/100ml;Gesamtgehalt;; 
4258747;010409154;1107;1964-09-07;1015;Grundwasser;17,00000;                                                  ;;°C;Nach Laborjournal;DIN 38404-C4 DEZEMBER 1976;ja
4258748;010409154;1107;1964-09-07;1011;Grundwasser;9,00000;                                                  ;;°C;Gesamtgehalt;; 
4258749;010409154;1107;1964-09-07;1061;Grundwasser;7,60000;                                                  ;;-;Gesamtgehalt;DIN 38404-C5 JANUAR 1984; 
4258750;010409154;1107;1964-09-07;1245;Grundwasser;3,16241;                                                  ;;mg/l;Gesamtgehalt;DIN 38405-D9-2 MAI 1979; 
4258751;010409154;1107;1964-09-07;1331;Grundwasser;13,00000;                                                  ;;mg/l;Gesamtgehalt;; 
4258752;010409154;1107;1964-09-07;1472;Grundwasser;5,28360;                                                  ;;mmol/l;Gesamtgehalt;DIN 38409-H7-1-2 MAI 1979;ja
4258753;010409154;1107;1964-09-07;1482;Grundwasser;3,29300;                                                  ;;mmol/l;Gesamtgehalt;; 
4258754;010409154;1107;1964-09-07;1531;Grundwasser;2,00000;                                                  ;;mg/l;Gesamtgehalt;0; 
4258755;010409154;1107;1964-09-07;1690;Grundwasser;7,00000;                                                  ;;1/ml;Gesamtgehalt;GEMAESS DIN 38411-K5 FEBRUAR 1983; 
12184364;010409154;1107;1964-09-07;1244;Grundwasser;13,99999;                                                  ;;mg/l;Gesamtgehalt;DIN 38405-D9-2 MAI 1979; 
3395986;094160090;24635;1964-11-15;1245;Grundwasser;2,03297;                                                  ;;mg/l;Gesamtgehalt;; 
3396349;094160090;24635;1964-11-15;1331;Grundwasser;132,00000;                                                  ;;mg/l;Gesamtgehalt;; 
12363746;094160090;24635;1964-11-15;1244;Grundwasser;8,99996;                                                  ;;mg/l;Gesamtgehalt;; 
3395998;094160090;24635;1965-11-15;1245;Grundwasser;2,48475;                                                  ;;mg/l;Gesamtgehalt;; 
3396361;094160090;24635;1965-11-15;1331;Grundwasser;159,00000;                                                  ;;mg/l;Gesamtgehalt;; 
12363758;094160090;24635;1965-11-15;1244;Grundwasser;10,99999;                                                  ;;mg/l;Gesamtgehalt;; 
4258736;010409154;1107;1963-09-17;1697;Grundwasser;0,00000;                                                  ;;1/100ml;Gesamtgehalt;; 
4258727;010409154;1107;1963-09-17;1015;Grundwasser;20,00000;                                                  ;;°C;Nach Laborjournal;DIN 38404-C4 DEZEMBER 1976;ja
4258728;010409154;1107;1963-09-17;1011;Grundwasser;9,00000;                                                  ;;°C;Gesamtgehalt;; 
4258729;010409154;1107;1963-09-17;1061;Grundwasser;7,60000;                                                  ;;-;Gesamtgehalt;DIN 38404-C5 JANUAR 1984; 
4258730;010409154;1107;1963-09-17;1245;Grundwasser;3,16241;                                                  ;;mg/l;Gesamtgehalt;DIN 38405-D9-2 MAI 1979; 
4258731;010409154;1107;1963-09-17;1331;Grundwasser;13,00000;                                                  ;;mg/l;Gesamtgehalt;; 
4258732;010409154;1107;1963-09-17;1531;Grundwasser;9,00000;                                                  ;;mg/l;Gesamtgehalt;0; 
4258733;010409154;1107;1963-09-17;1472;Grundwasser;5,28360;                                                  ;;mmol/l;Gesamtgehalt;DIN 38409-H7-1-2 MAI 1979;ja
4258734;010409154;1107;1963-09-17;1482;Grundwasser;3,38200;                                                  ;;mmol/l;Gesamtgehalt;; 
4258735;010409154;1107;1963-09-17;1690;Grundwasser;24,00000;                                                  ;;1/ml;Gesamtgehalt;GEMAESS DIN 38411-K5 FEBRUAR 1983; 
12184362;010409154;1107;1963-09-17;1244;Grundwasser;13,99999;                                                  ;;mg/l;Gesamtgehalt;DIN 38405-D9-2 MAI 1979; 
3396001;094160090;24635;1966-02-15;1245;Grundwasser;2,25886;                                                  ;;mg/l;Gesamtgehalt;; 
3396364;094160090;24635;1966-02-15;1331;Grundwasser;161,00000;                                                  ;;mg/l;Gesamtgehalt;; 
12363761;094160090;24635;1966-02-15;1244;Grundwasser;9,99997;                                                  ;;mg/l;Gesamtgehalt;; 
3396023;094160090;24635;1967-12-15;1245;Grundwasser;1,80709;                                                  ;;mg/l;Gesamtgehalt;; 
3396386;094160090;24635;1967-12-15;1331;Grundwasser;149,00000;                                                  ;;mg/l;Gesamtgehalt;; 
12363783;094160090;24635;1967-12-15;1244;Grundwasser;7,99999;                                                  ;;mg/l;Gesamtgehalt;; 
3396380;094160090;24635;1967-06-15;1331;Grundwasser;171,00000;                                                  ;;mg/l;Gesamtgehalt;; 
12363777;094160090;24635;1967-06-15;1244;Grundwasser;10,99999;                                                  ;;mg/l;Gesamtgehalt;; 
3396026;094160090;24635;1968-03-15;1245;Grundwasser;2,48475;                                                  ;;mg/l;Gesamtgehalt;; 
3396389;094160090;24635;1968-03-15;1331;Grundwasser;170,00000;                                                  ;;mg/l;Gesamtgehalt;; 
12363786;094160090;24635;1968-03-15;1244;Grundwasser;10,99999;                                                  ;;mg/l;Gesamtgehalt;; 
8519408;106502300;64559;1963-07-04;1695;Grundwasser;0,00000;                                                  ;;1/100ml;Gesamtgehalt;; 
8519389;106502300;64559;1963-07-04;1249;Grundwasser;<0,00770;Konzentration zu gering zur Bestimmung            ;;mg/l;Gesamtgehalt;; 
8519388;106502300;64559;1963-07-04;1247;Grundwasser;<0,00600;Konzentration zu gering zur Bestimmung            ;;mg/l;Gesamtgehalt;; 
8519409;106502300;64559;1963-07-04;1245;Grundwasser;<0,22588;Konzentration zu gering zur Bestimmung            ;;mg/l;Gesamtgehalt;; 
12320847;106502300;64559;1963-07-04;1244;Grundwasser;<0,99997;Konzentration zu gering zur Bestimmung            ;;mg/l;Gesamtgehalt;; 
6749412;091121504;24111;1969-07-24;1182;Grundwasser;0,55000;                                                  ;;mg/l;Gesamtgehalt;DEV(7) E1/1; 
6749409;091121504;24111;1969-07-24;1015;Grundwasser;26,00000;                                                  ;;°C;Nach Laborjournal;DIN 38404-C4 DEZEMBER 1976;ja
6749420;091121504;24111;1969-07-24;1531;Grundwasser;13,00000;                                                  ;;mg/l;Nach Laborjournal;; 
6749415;091121504;24111;1969-07-24;1249;Grundwasser;1,00775;                                                  ;;mg/l;Gesamtgehalt;DEV E5/1; 
6749410;091121504;24111;1969-07-24;1061;Grundwasser;7,26000;                                                  ;;-;Gesamtgehalt;DIN 38404-C5 JANUAR 1984;ja
6749419;091121504;24111;1969-07-24;1484;Grundwasser;18,50000;                                                  ;;mmol/l;Nach Laborjournal;; 
12571195;106502300;64559;1963-07-04;1246;Grundwasser;<0,01971;Konzentration zu gering zur Bestimmung            ;;mg/l;Gesamtgehalt;; 
12836775;106502300;64559;1963-07-04;1248;Grundwasser;<0,00992;Konzentration zu gering zur Bestimmung            ;;mg/l;Gesamtgehalt;; 
8519385;106502300;64559;1963-07-04;1011;Grundwasser;9,00000;                                                  ;;°C;Gesamtgehalt;DIN 38404-C4 DEZEMBER 1976;ja
8519393;106502300;64559;1963-07-04;1472;Grundwasser;4,60000;                                                  ;;mmol/l;Gesamtgehalt;; 
8519390;106502300;64559;1963-07-04;1281;Grundwasser;7,30000;                                                  ;;mg/l;Gesamtgehalt;; 
8519394;106502300;64559;1963-07-04;1690;Grundwasser;0,00000;                                                  ;;1/ml;Gesamtgehalt;; 
8519386;106502300;64559;1963-07-04;1061;Grundwasser;7,40000;                                                  ;;-;Gesamtgehalt;; 
8519392;106502300;64559;1963-07-04;1331;Grundwasser;16,00000;                                                  ;;mg/l;Gesamtgehalt;; 
8519387;106502300;64559;1963-07-04;1061;Grundwasser;7,40000;                                                  ;;-;Gesamtgehalt;DIN 38404-C5 JANUAR 1984;ja
8519391;106502300;64559;1963-07-04;1313;Grundwasser;102,00000;                                                  ;;mg/l;Gesamtgehalt;; 
4123498;010410119;48505;1922-04-30;1182;Grundwasser;0,00900;                                                  ;;mg/l;Gesamtgehalt;DIN 38406-E22 MAERZ 1988; 
6749416;091121504;24111;1969-07-24;1313;Grundwasser;132,00000;                                                  ;;mg/l;Gesamtgehalt;DEV D5-1 6.LIEFERUNG 1971; 
6749408;091121504;24111;1969-07-24;1011;Grundwasser;10,00000;                                                  ;;°C;Gesamtgehalt;DIN 38404-C4 DEZEMBER 1976;ja
6749413;091121504;24111;1969-07-24;1224;Grundwasser;402,00000;                                                  ;;mg/l;Nach Laborjournal;; 
6749417;091121504;24111;1969-07-24;1331;Grundwasser;45,00000;                                                  ;;mg/l;Gesamtgehalt;DIN 38405-D1-1 DEZEMBER 1985; 
6749411;091121504;24111;1969-07-24;1171;Grundwasser;0,02000;                                                  ;;mg/l;Gesamtgehalt;DIN 38406-E2 MAI 1983; 
6749418;091121504;24111;1969-07-24;1482;Grundwasser;18,60000;                                                  ;;mmol/l;Gesamtgehalt;DIN 38409-H6 JANUAR 86; 
6749414;091121504;24111;1969-07-24;1245;Grundwasser;0,45177;                                                  ;;mg/l;Gesamtgehalt;DIN 38405-D9-2 MAI 1979; 
12313201;091121504;24111;1969-07-24;1244;Grundwasser;1,99999;                                                  ;;mg/l;Gesamtgehalt;DIN 38405-D9-2 MAI 1979; 
12829233;091121504;24111;1969-07-24;1248;Grundwasser;1,29798;                                                  ;;mg/l;Gesamtgehalt;DEV E5/1; 
9761811;021172705;3534;1965-01-11;1331;Grundwasser;69,00000;                                                  ;;mg/l;Gesamtgehalt;DIN 38405-D1-1 DEZEMBER 1985; 
9761809;021172705;3534;1965-01-11;1029;Grundwasser;11,60000;                                                  ;;FNU;Gesamtgehalt;; 
9761810;021172705;3534;1965-01-11;1061;Grundwasser;7,70000;                                                  ;;-;Gesamtgehalt;DIN 38404-C5 JANUAR 1984;ja
9761807;021172705;3534;1965-01-11;1015;Grundwasser;6,00000;                                                  ;;°C;Gesamtgehalt;; 
9761808;021172705;3534;1965-01-11;1011;Grundwasser;10,00000;                                                  ;;°C;Gesamtgehalt;DIN 38404-C4 DEZEMBER 1976;ja
9761814;021172705;3534;1965-01-11;1224;Grundwasser;281,00000;                                                  ;;mg/l;Nach Laborjournal;; 
9761812;021172705;3534;1965-01-11;1482;Grundwasser;3,37499;                                                  ;;mmol/l;Gesamtgehalt;; 
3396021;094160090;24635;1967-10-15;1245;Grundwasser;2,25886;                                                  ;;mg/l;Gesamtgehalt;; 
3396384;094160090;24635;1967-10-15;1331;Grundwasser;170,00000;                                                  ;;mg/l;Gesamtgehalt;; 
12363781;094160090;24635;1967-10-15;1244;Grundwasser;9,99997;                                                  ;;mg/l;Gesamtgehalt;; 
4123499;010410119;48505;1922-04-30;1171;Grundwasser;0,06300;                                                  ;;mg/l;Gesamtgehalt;DIN 38406-E22 MAERZ 1988; 
4123500;010410119;48505;1922-04-30;1161;Grundwasser;44,00000;                                                  ;;µg/l;Gesamtgehalt;; 
4123501;010410119;48505;1922-04-30;1164;Grundwasser;144,00000;                                                  ;;µg/l;Gesamtgehalt;DIN 38406-E8-1 OKTOBER 1980; 
4123502;010410119;48505;1922-04-30;1113;Grundwasser;74,85000;                                                  ;;mg/l;Gesamtgehalt;DIN 38406-E22 MAERZ 1988; 
4123503;010410119;48505;1922-04-30;1121;Grundwasser;8,83400;                                                  ;;mg/l;Gesamtgehalt;DIN 38406-E22 MAERZ 1988; 
4123504;010410119;48505;1922-04-30;1122;Grundwasser;64.016,00000;                                                  ;;mg/l;Gesamtgehalt;DIN 38406-E22 MAERZ 1988; 
4123505;010410119;48505;1922-04-30;1112;Grundwasser;1.326,00000;                                                  ;;mg/l;Gesamtgehalt;DIN 38406-E22 MAERZ 1988; 
4123506;010410119;48505;1922-04-30;1331;Grundwasser;1.545,90000;                                                  ;;mg/l;Nach Laborjournal;DEV D1-4; 
4123507;010410119;48505;1922-04-30;1313;Grundwasser;280,30000;                                                  ;;mg/l;Nach Laborjournal;DEV D5-1 6.LIEFERUNG 1971; 
4123508;010410119;48505;1922-04-30;1123;Grundwasser;1,38900;                                                  ;;mg/l;Gesamtgehalt;DIN 38406-E22 MAERZ 1988; 
4123509;010410119;48505;1922-04-30;1111;Grundwasser;2,57000;                                                  ;;mg/l;Gesamtgehalt;; 
4123510;010410119;48505;1922-04-30;1249;Grundwasser;1,80387;                                                  ;;mg/l;Gesamtgehalt;; 
4123511;010410119;48505;1922-04-30;1324;Grundwasser;1,97300;                                                  ;;mg/l;Gesamtgehalt;; 
4123512;010410119;48505;1922-04-30;1327;Grundwasser;0,09100;                                                  ;;mg/l;Gesamtgehalt;; 
4123513;010410119;48505;1922-04-30;1321;Grundwasser;2,36200;                                                  ;;mg/l;Gesamtgehalt;; 
4123514;010410119;48505;1922-04-30;3002;Grundwasser;203,20000;                                                  ;;mg/l;Nach Laborjournal;; 
12887384;010410119;48505;1922-04-30;1248;Grundwasser;2,32338;                                                  ;;mg/l;Gesamtgehalt;; 
3396019;094160090;24635;1967-08-15;1245;Grundwasser;2,25886;                                                  ;;mg/l;Gesamtgehalt;; 
3396037;094160090;24635;1969-02-15;1245;Grundwasser;2,71063;                                                  ;;mg/l;Gesamtgehalt;; 
3396400;094160090;24635;1969-02-15;1331;Grundwasser;163,00000;                                                  ;;mg/l;Gesamtgehalt;; 
12363797;094160090;24635;1969-02-15;1244;Grundwasser;11,99996;                                                  ;;mg/l;Gesamtgehalt;; 
3396382;094160090;24635;1967-08-15;1331;Grundwasser;175,00000;                                                  ;;mg/l;Gesamtgehalt;; 
12363779;094160090;24635;1967-08-15;1244;Grundwasser;9,99997;                                                  ;;mg/l;Gesamtgehalt;; 
6713857;091130608;24128;1969-07-24;1484;Grundwasser;16,90000;                                                  ;;mmol/l;Nach Laborjournal;; 
3395996;094160090;24635;1965-09-15;1245;Grundwasser;2,03297;                                                  ;;mg/l;Gesamtgehalt;; 
3396359;094160090;24635;1965-09-15;1331;Grundwasser;166,00000;                                                  ;;mg/l;Gesamtgehalt;; 
12363756;094160090;24635;1965-09-15;1244;Grundwasser;8,99996;                                                  ;;mg/l;Gesamtgehalt;; 
3395984;094160090;24635;1964-09-15;1245;Grundwasser;2,03297;                                                  ;;mg/l;Gesamtgehalt;; 
3396347;094160090;24635;1964-09-15;1331;Grundwasser;152,00000;                                                  ;;mg/l;Gesamtgehalt;; 
12363744;094160090;24635;1964-09-15;1244;Grundwasser;8,99996;                                                  ;;mg/l;Gesamtgehalt;; 
3396038;094160090;24635;1969-03-15;1245;Grundwasser;2,48475;                                                  ;;mg/l;Gesamtgehalt;; 
3396401;094160090;24635;1969-03-15;1331;Grundwasser;149,00000;                                                  ;;mg/l;Gesamtgehalt;; 
12363798;094160090;24635;1969-03-15;1244;Grundwasser;10,99999;                                                  ;;mg/l;Gesamtgehalt;; 
3395980;094160090;24635;1964-05-15;1245;Grundwasser;2,03297;                                                  ;;mg/l;Gesamtgehalt;; 
3396343;094160090;24635;1964-05-15;1331;Grundwasser;153,00000;                                                  ;;mg/l;Gesamtgehalt;; 
12363740;094160090;24635;1964-05-15;1244;Grundwasser;8,99996;                                                  ;;mg/l;Gesamtgehalt;; 
3396044;094160090;24635;1969-09-15;1245;Grundwasser;2,48475;                                                  ;;mg/l;Gesamtgehalt;; 
3396407;094160090;24635;1969-09-15;1331;Grundwasser;165,00000;                                                  ;;mg/l;Gesamtgehalt;; 
12363804;094160090;24635;1969-09-15;1244;Grundwasser;10,99999;                                                  ;;mg/l;Gesamtgehalt;; 
6713852;091130608;24128;1969-07-24;1224;Grundwasser;451,00000;                                                  ;;mg/l;Nach Laborjournal;; 
6713851;091130608;24128;1969-07-24;1182;Grundwasser;0,47000;                                                  ;;mg/l;Gesamtgehalt;DEV(7) E1/1; 
6713853;091130608;24128;1969-07-24;1245;Grundwasser;1,17461;                                                  ;;mg/l;Gesamtgehalt;DIN 38405-D9-2 MAI 1979; 
6713856;091130608;24128;1969-07-24;1424;Grundwasser;591,00000;                                                  ;;mg/l;Nach Laborjournal;; 
6713850;091130608;24128;1969-07-24;1171;Grundwasser;0,03000;                                                  ;;mg/l;Gesamtgehalt;DIN 38406-E2 MAI 1983; 
6713855;091130608;24128;1969-07-24;1313;Grundwasser;52,00000;                                                  ;;mg/l;Gesamtgehalt;DEV D5-1 6.LIEFERUNG 1971; 
6713854;091130608;24128;1969-07-24;1249;Grundwasser;0,26356;                                                  ;;mg/l;Gesamtgehalt;DEV E5/1; 
6713849;091130608;24128;1969-07-24;1061;Grundwasser;7,34000;                                                  ;;-;Gesamtgehalt;DIN 38404-C5 JANUAR 1984;ja
6713847;091130608;24128;1969-07-24;1011;Grundwasser;10,00000;                                                  ;;°C;Gesamtgehalt;DIN 38404-C4 DEZEMBER 1976;ja
6713848;091130608;24128;1969-07-24;1015;Grundwasser;28,00000;                                                  ;;°C;Nach Laborjournal;DIN 38404-C4 DEZEMBER 1976;ja
12312196;091130608;24128;1969-07-24;1244;Grundwasser;5,20000;                                                  ;;mg/l;Gesamtgehalt;DIN 38405-D9-2 MAI 1979; 
3395995;094160090;24635;1965-08-15;1245;Grundwasser;2,03297;                                                  ;;mg/l;Gesamtgehalt;; 
3396358;094160090;24635;1965-08-15;1331;Grundwasser;161,00000;                                                  ;;mg/l;Gesamtgehalt;; 
12363755;094160090;24635;1965-08-15;1244;Grundwasser;8,99996;                                                  ;;mg/l;Gesamtgehalt;; 
3395976;094160090;24635;1964-01-15;1245;Grundwasser;2,25886;                                                  ;;mg/l;Gesamtgehalt;; 
3396339;094160090;24635;1964-01-15;1331;Grundwasser;156,00000;                                                  ;;mg/l;Gesamtgehalt;; 
12363736;094160090;24635;1964-01-15;1244;Grundwasser;9,99997;                                                  ;;mg/l;Gesamtgehalt;; 
12828142;091130608;24128;1969-07-24;1248;Grundwasser;0,33947;                                                  ;;mg/l;Gesamtgehalt;DEV E5/1; 
3396009;094160090;24635;1966-10-15;1245;Grundwasser;2,48475;                                                  ;;mg/l;Gesamtgehalt;; 
3396372;094160090;24635;1966-10-15;1331;Grundwasser;173,00000;                                                  ;;mg/l;Gesamtgehalt;; 
12363769;094160090;24635;1966-10-15;1244;Grundwasser;10,99999;                                                  ;;mg/l;Gesamtgehalt;; 
923510;010203310;262;1965-06-30;1011;Grundwasser;15,10000;                                                  ;;°C;Gesamtgehalt;DIN 38404-C4 DEZEMBER 1976;ja
923511;010203310;262;1965-06-30;1061;Grundwasser;6,80000;                                                  ;;-;Gesamtgehalt;DEV C5-2 4.LIEFERUNG 1966; 
923512;010203310;262;1965-06-30;1122;Grundwasser;132,00000;                                                  ;;mg/l;Gesamtgehalt;DIN 38406-E22 MAERZ 1988; 
3396000;094160090;24635;1966-01-15;1245;Grundwasser;2,48475;                                                  ;;mg/l;Gesamtgehalt;; 
3396363;094160090;24635;1966-01-15;1331;Grundwasser;154,00000;                                                  ;;mg/l;Gesamtgehalt;; 
12363760;094160090;24635;1966-01-15;1244;Grundwasser;10,99999;                                                  ;;mg/l;Gesamtgehalt;; 
3395992;094160090;24635;1965-05-15;1245;Grundwasser;2,25886;                                                  ;;mg/l;Gesamtgehalt;; 
3396355;094160090;24635;1965-05-15;1331;Grundwasser;160,00000;                                                  ;;mg/l;Gesamtgehalt;; 
12363752;094160090;24635;1965-05-15;1244;Grundwasser;9,99997;                                                  ;;mg/l;Gesamtgehalt;; 
3396018;094160090;24635;1967-07-15;1245;Grundwasser;2,48475;                                                  ;;mg/l;Gesamtgehalt;; 
3396381;094160090;24635;1967-07-15;1331;Grundwasser;190,00000;                                                  ;;mg/l;Gesamtgehalt;; 
12363778;094160090;24635;1967-07-15;1244;Grundwasser;10,99999;                                                  ;;mg/l;Gesamtgehalt;; 
3396043;094160090;24635;1969-08-15;1245;Grundwasser;2,71063;                                                  ;;mg/l;Gesamtgehalt;; 
3396406;094160090;24635;1969-08-15;1331;Grundwasser;152,00000;                                                  ;;mg/l;Gesamtgehalt;; 
12363803;094160090;24635;1969-08-15;1244;Grundwasser;11,99996;                                                  ;;mg/l;Gesamtgehalt;; 
923513;010203310;262;1965-06-30;1121;Grundwasser;14,60000;                                                  ;;mg/l;Gesamtgehalt;DIN 38406-E22 MAERZ 1988; 
923514;010203310;262;1965-06-30;1112;Grundwasser;220,00000;                                                  ;;mg/l;Gesamtgehalt;DIN 38406-E22 MAERZ 1988; 
923515;010203310;262;1965-06-30;1182;Grundwasser;1,32000;                                                  ;;mg/l;Gesamtgehalt;AAS NACH AUFSCHLUß MIT HNO3/H2O2; 
923634;010203310;262;1965-06-30;1331;Grundwasser;231,00000;                                                  ;;mg/l;Nach Laborjournal;DEV D1-4; 
923635;010203310;262;1965-06-30;1313;Grundwasser;117,00000;                                                  ;;mg/l;Nach Laborjournal;DEV D5-1 6.LIEFERUNG 1971; 
923636;010203310;262;1965-06-30;1245;Grundwasser;0,22588;                                                  ;;mg/l;Gesamtgehalt;; 
923637;010203310;262;1965-06-30;1247;Grundwasser;0,00304;                                                  ;;mg/l;Gesamtgehalt;; 
923638;010203310;262;1965-06-30;1224;Grundwasser;537,00000;                                                  ;;mg/l;Gesamtgehalt;; 
923639;010203310;262;1965-06-30;1281;Grundwasser;0,70000;                                                  ;;mg/l;Gesamtgehalt;DEV G2-1; 
12238755;010203310;262;1965-06-30;1244;Grundwasser;0,99997;                                                  ;;mg/l;Gesamtgehalt;; 
12515932;010203310;262;1965-06-30;1246;Grundwasser;0,00999;                                                  ;;mg/l;Gesamtgehalt;; 
255216;091133701;24168;1965-10-11;1182;Grundwasser;4,90000;                                                  ;;mg/l;Gesamtgehalt;DEV(7) E1/1; 
255217;091133701;24168;1965-10-11;1122;Grundwasser;116,50000;                                                  ;;mg/l;Nach Laborjournal;; 
6713893;091130906;24132;1968-06-19;1015;Grundwasser;28,00000;                                                  ;;°C;Nach Laborjournal;DIN 38404-C4 DEZEMBER 1976;ja
6713894;091130906;24132;1968-06-19;1061;Grundwasser;7,60000;                                                  ;;-;Gesamtgehalt;DIN 38404-C5 JANUAR 1984;ja
6713892;091130906;24132;1968-06-19;1011;Grundwasser;11,00000;                                                  ;;°C;Gesamtgehalt;DIN 38404-C4 DEZEMBER 1976;ja
6713899;091130906;24132;1968-06-19;1313;Grundwasser;19,00000;                                                  ;;mg/l;Gesamtgehalt;DEV D5-1 6.LIEFERUNG 1971; 
6713895;091130906;24132;1968-06-19;1182;Grundwasser;1,80000;                                                  ;;mg/l;Gesamtgehalt;DEV(7) E1/1; 
6713897;091130906;24132;1968-06-19;1249;Grundwasser;1,00775;                                                  ;;mg/l;Gesamtgehalt;DEV E5/1; 
6713898;091130906;24132;1968-06-19;1261;Grundwasser;0,12000;                                                  ;;mg/l;Gesamtgehalt;; 
6713896;091130906;24132;1968-06-19;1224;Grundwasser;420,00000;                                                  ;;mg/l;Nach Laborjournal;; 
3395991;094160090;24635;1965-04-15;1245;Grundwasser;2,25886;                                                  ;;mg/l;Gesamtgehalt;; 
12828145;091130906;24132;1968-06-19;1248;Grundwasser;1,29798;                                                  ;;mg/l;Gesamtgehalt;DEV E5/1; 
255218;091133701;24168;1965-10-11;1121;Grundwasser;19,40000;                                                  ;;mg/l;Gesamtgehalt;DEV(7) E4/2; 
3396354;094160090;24635;1965-04-15;1331;Grundwasser;162,00000;                                                  ;;mg/l;Gesamtgehalt;; 
12363751;094160090;24635;1965-04-15;1244;Grundwasser;9,99997;                                                  ;;mg/l;Gesamtgehalt;; 
3396029;094160090;24635;1968-06-15;1245;Grundwasser;2,93652;                                                  ;;mg/l;Gesamtgehalt;; 
255211;091133701;24168;1965-10-11;1061;Grundwasser;6,70000;                                                  ;;-;Gesamtgehalt;DIN 38404-C5 JANUAR 1984;ja
255212;091133701;24168;1965-10-11;1331;Grundwasser;130,00000;                                                  ;;mg/l;Gesamtgehalt;DIN 38405-D1-1 DEZEMBER 1985; 
255213;091133701;24168;1965-10-11;1245;Grundwasser;0,19200;                                                  ;;mg/l;Gesamtgehalt;DIN 38405-D9-2 MAI 1979; 
255214;091133701;24168;1965-10-11;1313;Grundwasser;60,00000;                                                  ;;mg/l;Gesamtgehalt;DEV D5-1 6.LIEFERUNG 1971; 
255215;091133701;24168;1965-10-11;1171;Grundwasser;0,10000;                                                  ;;mg/l;Gesamtgehalt;DIN 38406-E2 MAI 1983; 
12382032;091133701;24168;1965-10-11;1244;Grundwasser;0,84998;                                                  ;;mg/l;Gesamtgehalt;DIN 38405-D9-2 MAI 1979; 
12984108;091130906;24132;1968-06-19;1262;Grundwasser;0,36924;                                                  ;;mg/l;Gesamtgehalt;; 
3396046;094160090;24635;1969-11-15;1245;Grundwasser;2,48475;                                                  ;;mg/l;Gesamtgehalt;; 
3396409;094160090;24635;1969-11-15;1331;Grundwasser;138,00000;                                                  ;;mg/l;Gesamtgehalt;; 
12363806;094160090;24635;1969-11-15;1244;Grundwasser;10,99999;                                                  ;;mg/l;Gesamtgehalt;; 
3396392;094160090;24635;1968-06-15;1331;Grundwasser;163,00000;                                                  ;;mg/l;Gesamtgehalt;; 
12363789;094160090;24635;1968-06-15;1244;Grundwasser;12,99997;                                                  ;;mg/l;Gesamtgehalt;; 
3396047;094160090;24635;1969-12-15;1245;Grundwasser;2,71063;                                                  ;;mg/l;Gesamtgehalt;; 
6713907;091122302;24121;1969-07-23;1249;Grundwasser;0,09302;                                                  ;;mg/l;Gesamtgehalt;DEV E5/1; 
6713903;091122302;24121;1969-07-23;1171;Grundwasser;0,03000;                                                  ;;mg/l;Gesamtgehalt;DIN 38406-E2 MAI 1983; 
6713909;091122302;24121;1969-07-23;1331;Grundwasser;43,00000;                                                  ;;mg/l;Gesamtgehalt;DIN 38405-D1-1 DEZEMBER 1985; 
6713911;091122302;24121;1969-07-23;1459;Grundwasser;350,00000;                                                  ;;mg/l;Nach Laborjournal;; 
6713906;091122302;24121;1969-07-23;1245;Grundwasser;0,81319;                                                  ;;mg/l;Gesamtgehalt;DIN 38405-D9-2 MAI 1979; 
6713900;091122302;24121;1969-07-23;1011;Grundwasser;10,00000;                                                  ;;°C;Gesamtgehalt;DIN 38404-C4 DEZEMBER 1976;ja
6713904;091122302;24121;1969-07-23;1182;Grundwasser;0,33000;                                                  ;;mg/l;Gesamtgehalt;DEV(7) E1/1; 
6713902;091122302;24121;1969-07-23;1061;Grundwasser;7,43000;                                                  ;;-;Gesamtgehalt;DIN 38404-C5 JANUAR 1984;ja
6713913;091122302;24121;1969-07-23;1482;Grundwasser;22,50000;                                                  ;;mmol/l;Nach Laborjournal;; 
6713912;091122302;24121;1969-07-23;1484;Grundwasser;19,00000;                                                  ;;mmol/l;Nach Laborjournal;; 
6713905;091122302;24121;1969-07-23;1224;Grundwasser;414,00000;                                                  ;;mg/l;Nach Laborjournal;; 
6713901;091122302;24121;1969-07-23;1015;Grundwasser;28,00000;                                                  ;;°C;Nach Laborjournal;DIN 38404-C4 DEZEMBER 1976;ja
6713908;091122302;24121;1969-07-23;1313;Grundwasser;60,00000;                                                  ;;mg/l;Gesamtgehalt;DEV D5-1 6.LIEFERUNG 1971; 
6713910;091122302;24121;1969-07-23;1422;Grundwasser;541,00000;                                                  ;;mg/l;Nach Laborjournal;; 
12312198;091122302;24121;1969-07-23;1244;Grundwasser;3,59999;                                                  ;;mg/l;Gesamtgehalt;DIN 38405-D9-2 MAI 1979; 
12828146;091122302;24121;1969-07-23;1248;Grundwasser;0,11981;                                                  ;;mg/l;Gesamtgehalt;DEV E5/1; 
9761830;021172705;3534;1968-06-11;1029;Grundwasser;33,00000;                                                  ;;FNU;Gesamtgehalt;; 
9761831;021172705;3534;1968-06-11;1061;Grundwasser;7,30000;                                                  ;;-;Gesamtgehalt;DIN 38404-C5 JANUAR 1984;ja
9761828;021172705;3534;1968-06-11;1015;Grundwasser;18,00000;                                                  ;;°C;Gesamtgehalt;; 
9761836;021172705;3534;1968-06-11;1249;Grundwasser;0,31008;                                                  ;;mg/l;Gesamtgehalt;DEV E5/1; 
9761837;021172705;3534;1968-06-11;1182;Grundwasser;2,70000;                                                  ;;mg/l;Gesamtgehalt;DEV(7) E1/1; 
9761842;021172705;3534;1968-06-11;1269;Grundwasser;0,08000;                                                  ;;mg/l;Gesamtgehalt;; 
9761832;021172705;3534;1968-06-11;1531;Grundwasser;33,00000;                                                  ;;mg/l;Nach Laborjournal;; 
3396410;094160090;24635;1969-12-15;1331;Grundwasser;151,00000;                                                  ;;mg/l;Gesamtgehalt;; 
9761829;021172705;3534;1968-06-11;1011;Grundwasser;11,00000;                                                  ;;°C;Gesamtgehalt;DIN 38404-C4 DEZEMBER 1976;ja
9761833;021172705;3534;1968-06-11;1331;Grundwasser;44,00000;                                                  ;;mg/l;Gesamtgehalt;DIN 38405-D1-1 DEZEMBER 1985; 
9761835;021172705;3534;1968-06-11;1245;Grundwasser;0,09035;                                                  ;;mg/l;Gesamtgehalt;DIN 38405-D9-2 MAI 1979; 
9761841;021172705;3534;1968-06-11;1224;Grundwasser;274,50000;                                                  ;;mg/l;Nach Laborjournal;; 
9761834;021172705;3534;1968-06-11;1313;Grundwasser;77,00000;                                                  ;;mg/l;Gesamtgehalt;DEV D5-1 6.LIEFERUNG 1971; 
12363807;094160090;24635;1969-12-15;1244;Grundwasser;11,99996;                                                  ;;mg/l;Gesamtgehalt;; 
3396034;094160090;24635;1968-11-15;1245;Grundwasser;2,71063;                                                  ;;mg/l;Gesamtgehalt;; 
3396397;094160090;24635;1968-11-15;1331;Grundwasser;139,00000;                                                  ;;mg/l;Gesamtgehalt;; 
12363794;094160090;24635;1968-11-15;1244;Grundwasser;11,99996;                                                  ;;mg/l;Gesamtgehalt;; 
3396015;094160090;24635;1967-04-15;1245;Grundwasser;2,48475;                                                  ;;mg/l;Gesamtgehalt;; 
3396378;094160090;24635;1967-04-15;1331;Grundwasser;170,00000;                                                  ;;mg/l;Gesamtgehalt;; 
12363775;094160090;24635;1967-04-15;1244;Grundwasser;10,99999;                                                  ;;mg/l;Gesamtgehalt;; 
3396022;094160090;24635;1967-11-15;1245;Grundwasser;2,48475;                                                  ;;mg/l;Gesamtgehalt;; 
3396385;094160090;24635;1967-11-15;1331;Grundwasser;164,00000;                                                  ;;mg/l;Gesamtgehalt;; 
12363782;094160090;24635;1967-11-15;1244;Grundwasser;10,99999;                                                  ;;mg/l;Gesamtgehalt;; 
3395981;094160090;24635;1964-06-15;1245;Grundwasser;2,25886;                                                  ;;mg/l;Gesamtgehalt;; 
12410015;021172705;3534;1968-06-11;1244;Grundwasser;0,39998;                                                  ;;mg/l;Gesamtgehalt;DIN 38405-D9-2 MAI 1979; 
3396344;094160090;24635;1964-06-15;1331;Grundwasser;146,00000;                                                  ;;mg/l;Gesamtgehalt;; 
12363741;094160090;24635;1964-06-15;1244;Grundwasser;9,99997;                                                  ;;mg/l;Gesamtgehalt;; 
3396035;094160090;24635;1968-12-15;1245;Grundwasser;2,48475;                                                  ;;mg/l;Gesamtgehalt;; 
3396398;094160090;24635;1968-12-15;1331;Grundwasser;150,00000;                                                  ;;mg/l;Gesamtgehalt;; 
12363795;094160090;24635;1968-12-15;1244;Grundwasser;10,99999;                                                  ;;mg/l;Gesamtgehalt;; 
2981508;010410119;48505;1941-02-24;1111;Grundwasser;2,67100;                                                  ;;mg/l;Gesamtgehalt;; 
12922184;021172705;3534;1968-06-11;1248;Grundwasser;0,39938;                                                  ;;mg/l;Gesamtgehalt;DEV E5/1; 
9761838;021172705;3534;1968-06-11;1482;Grundwasser;3,48213;                                                  ;;mmol/l;Gesamtgehalt;; 
6749999;091131406;24139;1968-06-19;1061;Grundwasser;7,40000;                                                  ;;-;Gesamtgehalt;DIN 38404-C5 JANUAR 1984;ja
6750003;091131406;24139;1968-06-19;1249;Grundwasser;0,85271;                                                  ;;mg/l;Gesamtgehalt;DEV E5/1; 
6750006;091131406;24139;1968-06-19;1484;Grundwasser;13,70000;                                                  ;;mmol/l;Nach Laborjournal;; 
6750002;091131406;24139;1968-06-19;1313;Grundwasser;40,00000;                                                  ;;mg/l;Gesamtgehalt;DEV D5-1 6.LIEFERUNG 1971; 
6750001;091131406;24139;1968-06-19;1331;Grundwasser;26,00000;                                                  ;;mg/l;Gesamtgehalt;DIN 38405-D1-1 DEZEMBER 1985; 
6749997;091131406;24139;1968-06-19;1011;Grundwasser;11,00000;                                                  ;;°C;Gesamtgehalt;DIN 38404-C4 DEZEMBER 1976;ja
6749998;091131406;24139;1968-06-19;1015;Grundwasser;20,00000;                                                  ;;°C;Nach Laborjournal;DIN 38404-C4 DEZEMBER 1976;ja
6750008;091131406;24139;1968-06-19;1261;Grundwasser;0,05000;                                                  ;;mg/l;Gesamtgehalt;; 
6750000;091131406;24139;1968-06-19;1531;Grundwasser;6,00000;                                                  ;;mg/l;Nach Laborjournal;; 
6750004;091131406;24139;1968-06-19;1182;Grundwasser;2,40000;                                                  ;;mg/l;Gesamtgehalt;DEV(7) E1/1; 
6750005;091131406;24139;1968-06-19;1482;Grundwasser;18,90000;                                                  ;;mmol/l;Gesamtgehalt;DIN 38409-H6 JANUAR 86; 
6750007;091131406;24139;1968-06-19;1224;Grundwasser;298,90000;                                                  ;;mg/l;Nach Laborjournal;; 
12829240;091131406;24139;1968-06-19;1248;Grundwasser;1,09829;                                                  ;;mg/l;Gesamtgehalt;DEV E5/1; 
12984323;091131406;24139;1968-06-19;1262;Grundwasser;0,15385;                                                  ;;mg/l;Gesamtgehalt;; 
3396012;094160090;24635;1967-01-15;1245;Grundwasser;1,35531;                                                  ;;mg/l;Gesamtgehalt;; 
3396375;094160090;24635;1967-01-15;1331;Grundwasser;156,00000;                                                  ;;mg/l;Gesamtgehalt;; 
12363772;094160090;24635;1967-01-15;1244;Grundwasser;5,99996;                                                  ;;mg/l;Gesamtgehalt;; 
3396039;094160090;24635;1969-04-15;1245;Grundwasser;2,71063;                                                  ;;mg/l;Gesamtgehalt;; 
3396402;094160090;24635;1969-04-15;1331;Grundwasser;160,00000;                                                  ;;mg/l;Gesamtgehalt;; 
12363799;094160090;24635;1969-04-15;1244;Grundwasser;11,99996;                                                  ;;mg/l;Gesamtgehalt;; 
9761726;021172407;3531;1968-06-12;1531;Grundwasser;6,00000;                                                  ;;mg/l;Nach Laborjournal;; 
9761723;021172407;3531;1968-06-12;1011;Grundwasser;10,00000;                                                  ;;°C;Gesamtgehalt;DIN 38404-C4 DEZEMBER 1976;ja
9761724;021172407;3531;1968-06-12;1029;Grundwasser;50,00000;                                                  ;;FNU;Gesamtgehalt;; 
9761728;021172407;3531;1968-06-12;1313;Grundwasser;29,00000;                                                  ;;mg/l;Gesamtgehalt;DEV D5-1 6.LIEFERUNG 1971; 
9761722;021172407;3531;1968-06-12;1015;Grundwasser;17,00000;                                                  ;;°C;Gesamtgehalt;; 
9761735;021172407;3531;1968-06-12;1224;Grundwasser;152,50000;                                                  ;;mg/l;Nach Laborjournal;; 
9761731;021172407;3531;1968-06-12;1182;Grundwasser;0,40000;                                                  ;;mg/l;Gesamtgehalt;DEV(7) E1/1; 
9761725;021172407;3531;1968-06-12;1061;Grundwasser;7,50000;                                                  ;;-;Gesamtgehalt;DIN 38404-C5 JANUAR 1984;ja
9761729;021172407;3531;1968-06-12;1245;Grundwasser;8,13192;                                                  ;;mg/l;Gesamtgehalt;DIN 38405-D9-2 MAI 1979; 
9761730;021172407;3531;1968-06-12;1249;Grundwasser;1,16279;                                                  ;;mg/l;Gesamtgehalt;DEV E5/1; 
9761727;021172407;3531;1968-06-12;1331;Grundwasser;31,00000;                                                  ;;mg/l;Gesamtgehalt;DIN 38405-D1-1 DEZEMBER 1985; 
9761736;021172407;3531;1968-06-12;1269;Grundwasser;0,05000;                                                  ;;mg/l;Gesamtgehalt;; 
12410013;021172407;3531;1968-06-12;1244;Grundwasser;36,00001;                                                  ;;mg/l;Gesamtgehalt;DIN 38405-D9-2 MAI 1979; 
12922183;021172407;3531;1968-06-12;1248;Grundwasser;1,49767;                                                  ;;mg/l;Gesamtgehalt;DEV E5/1; 
9761732;021172407;3531;1968-06-12;1482;Grundwasser;2,30357;                                                  ;;mmol/l;Gesamtgehalt;; 
3396005;094160090;24635;1966-06-15;1245;Grundwasser;2,48475;                                                  ;;mg/l;Gesamtgehalt;; 
3396368;094160090;24635;1966-06-15;1331;Grundwasser;166,00000;                                                  ;;mg/l;Gesamtgehalt;; 
12363765;094160090;24635;1966-06-15;1244;Grundwasser;10,99999;                                                  ;;mg/l;Gesamtgehalt;; 
2981498;010410119;48505;1941-02-24;1331;Grundwasser;1.534,00000;                                                  ;;mg/l;Nach Laborjournal;DEV D1-4; 
3395983;094160090;24635;1964-08-15;1245;Grundwasser;2,25886;                                                  ;;mg/l;Gesamtgehalt;; 
3396346;094160090;24635;1964-08-15;1331;Grundwasser;151,00000;                                                  ;;mg/l;Gesamtgehalt;; 
12363743;094160090;24635;1964-08-15;1244;Grundwasser;9,99997;                                                  ;;mg/l;Gesamtgehalt;; 
3395994;094160090;24635;1965-07-15;1245;Grundwasser;2,03297;                                                  ;;mg/l;Gesamtgehalt;; 
3396357;094160090;24635;1965-07-15;1331;Grundwasser;165,00000;                                                  ;;mg/l;Gesamtgehalt;; 
12363754;094160090;24635;1965-07-15;1244;Grundwasser;8,99996;                                                  ;;mg/l;Gesamtgehalt;; 
3395989;094160090;24635;1965-02-15;1245;Grundwasser;2,25886;                                                  ;;mg/l;Gesamtgehalt;; 
3396352;094160090;24635;1965-02-15;1331;Grundwasser;143,00000;                                                  ;;mg/l;Gesamtgehalt;; 
12363749;094160090;24635;1965-02-15;1244;Grundwasser;9,99997;                                                  ;;mg/l;Gesamtgehalt;; 
3396036;094160090;24635;1969-01-15;1245;Grundwasser;2,71063;                                                  ;;mg/l;Gesamtgehalt;; 
3396399;094160090;24635;1969-01-15;1331;Grundwasser;155,00000;                                                  ;;mg/l;Gesamtgehalt;; 
12363796;094160090;24635;1969-01-15;1244;Grundwasser;11,99996;                                                  ;;mg/l;Gesamtgehalt;; 
3396011;094160090;24635;1966-12-15;1245;Grundwasser;2,03297;                                                  ;;mg/l;Gesamtgehalt;; 
3396374;094160090;24635;1966-12-15;1331;Grundwasser;167,00000;                                                  ;;mg/l;Gesamtgehalt;; 
12363771;094160090;24635;1966-12-15;1244;Grundwasser;8,99996;                                                  ;;mg/l;Gesamtgehalt;; 
3396006;094160090;24635;1966-07-15;1245;Grundwasser;2,71063;                                                  ;;mg/l;Gesamtgehalt;; 
3396369;094160090;24635;1966-07-15;1331;Grundwasser;165,00000;                                                  ;;mg/l;Gesamtgehalt;; 
12363766;094160090;24635;1966-07-15;1244;Grundwasser;11,99996;                                                  ;;mg/l;Gesamtgehalt;; 
2981499;010410119;48505;1941-02-24;1313;Grundwasser;258,70000;                                                  ;;mg/l;Nach Laborjournal;DEV D5-1 6.LIEFERUNG 1971; 
2981500;010410119;48505;1941-02-24;1112;Grundwasser;1.319,00000;                                                  ;;mg/l;Gesamtgehalt;DIN 38406-E22 MAERZ 1988; 
2981501;010410119;48505;1941-02-24;1113;Grundwasser;75,49000;                                                  ;;mg/l;Gesamtgehalt;DIN 38406-E22 MAERZ 1988; 
2981502;010410119;48505;1941-02-24;1121;Grundwasser;8,66200;                                                  ;;mg/l;Gesamtgehalt;DIN 38406-E22 MAERZ 1988; 
2981503;010410119;48505;1941-02-24;1122;Grundwasser;61,40000;                                                  ;;mg/l;Gesamtgehalt;DIN 38406-E22 MAERZ 1988; 
2981504;010410119;48505;1941-02-24;1182;Grundwasser;0,01000;                                                  ;;mg/l;Gesamtgehalt;DIN 38406-E22 MAERZ 1988; 
2981505;010410119;48505;1941-02-24;1171;Grundwasser;0,03600;                                                  ;;mg/l;Gesamtgehalt;DIN 38406-E22 MAERZ 1988; 
2981506;010410119;48505;1941-02-24;1321;Grundwasser;2,68200;                                                  ;;mg/l;Gesamtgehalt;DIN 38405-D4-1 JULI 1985; 
2981507;010410119;48505;1941-02-24;1249;Grundwasser;2,52015;                                                  ;;mg/l;Gesamtgehalt;; 
2981509;010410119;48505;1941-02-24;1123;Grundwasser;2,20300;                                                  ;;mg/l;Gesamtgehalt;; 
2981510;010410119;48505;1941-02-24;1324;Grundwasser;1,78000;                                                  ;;mg/l;Gesamtgehalt;; 
2981511;010410119;48505;1941-02-24;1327;Grundwasser;0,10800;                                                  ;;mg/l;Gesamtgehalt;; 
12858752;010410119;48505;1941-02-24;1248;Grundwasser;3,24595;                                                  ;;mg/l;Gesamtgehalt;; 
3395985;094160090;24635;1964-10-15;1245;Grundwasser;2,03297;                                                  ;;mg/l;Gesamtgehalt;; 
5285911;279479610;42623;1969-11-11;1472;Grundwasser;5,60000;                                                  ;;mmol/l;Nach Laborjournal;; 
5285912;279479610;42623;1969-11-11;1011;Grundwasser;10,60000;                                                  ;;°C;Gesamtgehalt;DIN 38404-C4 DEZEMBER 1976;ja
5285913;279479610;42623;1969-11-11;1061;Grundwasser;7,00000;                                                  ;;-;Gesamtgehalt;DIN 38404-C5 JANUAR 1984;ja
5285914;279479610;42623;1969-11-11;1112;Grundwasser;14,00000;                                                  ;;mg/l;Gesamtgehalt;; 
5285915;279479610;42623;1969-11-11;1113;Grundwasser;1,00000;                                                  ;;mg/l;Gesamtgehalt;; 
5285916;279479610;42623;1969-11-11;1121;Grundwasser;32,00000;                                                  ;;mg/l;Gesamtgehalt;; 
5285917;279479610;42623;1969-11-11;1122;Grundwasser;172,00000;                                                  ;;mg/l;Gesamtgehalt;; 
5285918;279479610;42623;1969-11-11;1245;Grundwasser;11,29000;                                                  ;;mg/l;Gesamtgehalt;; 
5285919;279479610;42623;1969-11-11;1262;Grundwasser;0,45000;                                                  ;;mg/l;Gesamtgehalt;; 
5285920;279479610;42623;1969-11-11;1313;Grundwasser;131,00000;                                                  ;;mg/l;Gesamtgehalt;; 
5285921;279479610;42623;1969-11-11;1331;Grundwasser;76,00000;                                                  ;;mg/l;Gesamtgehalt;; 
5285922;279479610;42623;1969-11-11;1182;Grundwasser;0,07000;                                                  ;;mg/l;Nach Laborjournal;; 
5285923;279479610;42623;1969-11-11;1171;Grundwasser;0,06000;                                                  ;;mg/l;Nach Laborjournal;; 
12277410;279479610;42623;1969-11-11;1244;Grundwasser;49,98083;                                                  ;;mg/l;Gesamtgehalt;; 
3396348;094160090;24635;1964-10-15;1331;Grundwasser;148,00000;                                                  ;;mg/l;Gesamtgehalt;; 
12363745;094160090;24635;1964-10-15;1244;Grundwasser;8,99996;                                                  ;;mg/l;Gesamtgehalt;; 
3396032;094160090;24635;1968-09-15;1245;Grundwasser;2,93652;                                                  ;;mg/l;Gesamtgehalt;; 
13061686;279479610;42623;1969-11-11;1261;Grundwasser;1,38465;                                                  ;;mg/l;Gesamtgehalt;; 
3396395;094160090;24635;1968-09-15;1331;Grundwasser;161,00000;                                                  ;;mg/l;Gesamtgehalt;; 
12363792;094160090;24635;1968-09-15;1244;Grundwasser;12,99997;                                                  ;;mg/l;Gesamtgehalt;; 
3396027;094160090;24635;1968-04-15;1245;Grundwasser;2,71063;                                                  ;;mg/l;Gesamtgehalt;; 
3396045;094160090;24635;1969-10-15;1245;Grundwasser;2,71063;                                                  ;;mg/l;Gesamtgehalt;; 
3396408;094160090;24635;1969-10-15;1331;Grundwasser;155,00000;                                                  ;;mg/l;Gesamtgehalt;; 
12363805;094160090;24635;1969-10-15;1244;Grundwasser;11,99996;                                                  ;;mg/l;Gesamtgehalt;; 
3395997;094160090;24635;1965-10-15;1245;Grundwasser;2,25886;                                                  ;;mg/l;Gesamtgehalt;; 
3396360;094160090;24635;1965-10-15;1331;Grundwasser;168,00000;                                                  ;;mg/l;Gesamtgehalt;; 
12363757;094160090;24635;1965-10-15;1244;Grundwasser;9,99997;                                                  ;;mg/l;Gesamtgehalt;; 
3395978;094160090;24635;1964-03-15;1245;Grundwasser;2,48475;                                                  ;;mg/l;Gesamtgehalt;; 
3396341;094160090;24635;1964-03-15;1331;Grundwasser;159,00000;                                                  ;;mg/l;Gesamtgehalt;; 
12363738;094160090;24635;1964-03-15;1244;Grundwasser;10,99999;                                                  ;;mg/l;Gesamtgehalt;; 
3396390;094160090;24635;1968-04-15;1331;Grundwasser;171,00000;                                                  ;;mg/l;Gesamtgehalt;; 
12363787;094160090;24635;1968-04-15;1244;Grundwasser;11,99996;                                                  ;;mg/l;Gesamtgehalt;; 
4123517;010410107;48500;1922-04-30;1313;Grundwasser;266,50000;                                                  ;;mg/l;Nach Laborjournal;DEV D5-1 6.LIEFERUNG 1971; 
4123518;010410107;48500;1922-04-30;1331;Grundwasser;1.423,70000;                                                  ;;mg/l;Nach Laborjournal;DEV D1-4; 
4123519;010410107;48500;1922-04-30;1113;Grundwasser;77,13000;                                                  ;;mg/l;Gesamtgehalt;DIN 38406-E22 MAERZ 1988; 
4123520;010410107;48500;1922-04-30;1112;Grundwasser;1.210,00000;                                                  ;;mg/l;Gesamtgehalt;DIN 38406-E22 MAERZ 1988; 
4123521;010410107;48500;1922-04-30;1121;Grundwasser;9,54600;                                                  ;;mg/l;Gesamtgehalt;DIN 38406-E22 MAERZ 1988; 
4123522;010410107;48500;1922-04-30;1122;Grundwasser;76,75000;                                                  ;;mg/l;Gesamtgehalt;DIN 38406-E22 MAERZ 1988; 
4123523;010410107;48500;1922-04-30;1182;Grundwasser;0,02200;                                                  ;;mg/l;Gesamtgehalt;DIN 38406-E22 MAERZ 1988; 
4123524;010410107;48500;1922-04-30;1171;Grundwasser;0,11500;                                                  ;;mg/l;Gesamtgehalt;DIN 38406-E22 MAERZ 1988; 
4123525;010410107;48500;1922-04-30;1164;Grundwasser;147,00000;                                                  ;;µg/l;Gesamtgehalt;; 
4123526;010410107;48500;1922-04-30;1249;Grundwasser;1,80077;                                                  ;;mg/l;Gesamtgehalt;; 
4123527;010410107;48500;1922-04-30;1123;Grundwasser;1,94200;                                                  ;;mg/l;Gesamtgehalt;DIN 38406-E22 MAERZ 1988; 
3396004;094160090;24635;1966-05-15;1245;Grundwasser;2,48475;                                                  ;;mg/l;Gesamtgehalt;; 
3396367;094160090;24635;1966-05-15;1331;Grundwasser;168,00000;                                                  ;;mg/l;Gesamtgehalt;; 
12363764;094160090;24635;1966-05-15;1244;Grundwasser;10,99999;                                                  ;;mg/l;Gesamtgehalt;; 
3396002;094160090;24635;1966-03-15;1245;Grundwasser;2,25886;                                                  ;;mg/l;Gesamtgehalt;; 
3396365;094160090;24635;1966-03-15;1331;Grundwasser;159,00000;                                                  ;;mg/l;Gesamtgehalt;; 
12363762;094160090;24635;1966-03-15;1244;Grundwasser;9,99997;                                                  ;;mg/l;Gesamtgehalt;; 
3396024;094160090;24635;1968-01-15;1245;Grundwasser;2,03297;                                                  ;;mg/l;Gesamtgehalt;; 
3396387;094160090;24635;1968-01-15;1331;Grundwasser;160,00000;                                                  ;;mg/l;Gesamtgehalt;; 
12363784;094160090;24635;1968-01-15;1244;Grundwasser;8,99996;                                                  ;;mg/l;Gesamtgehalt;; 
3396031;094160090;24635;1968-08-15;1245;Grundwasser;2,48475;                                                  ;;mg/l;Gesamtgehalt;; 
3396394;094160090;24635;1968-08-15;1331;Grundwasser;163,00000;                                                  ;;mg/l;Gesamtgehalt;; 
12363791;094160090;24635;1968-08-15;1244;Grundwasser;10,99999;                                                  ;;mg/l;Gesamtgehalt;; 
4258746;010409154;1107;1964-04-08;1697;Grundwasser;0,00000;                                                  ;;1/100ml;Gesamtgehalt;; 
4258737;010409154;1107;1964-04-08;1015;Grundwasser;7,00000;                                                  ;;°C;Nach Laborjournal;DIN 38404-C4 DEZEMBER 1976;ja
4258738;010409154;1107;1964-04-08;1011;Grundwasser;8,50000;                                                  ;;°C;Gesamtgehalt;; 
4258739;010409154;1107;1964-04-08;1061;Grundwasser;7,60000;                                                  ;;-;Gesamtgehalt;DIN 38404-C5 JANUAR 1984; 
4258740;010409154;1107;1964-04-08;1245;Grundwasser;2,48475;                                                  ;;mg/l;Gesamtgehalt;DIN 38405-D9-2 MAI 1979; 
4258741;010409154;1107;1964-04-08;1331;Grundwasser;13,00000;                                                  ;;mg/l;Gesamtgehalt;; 
4258742;010409154;1107;1964-04-08;1482;Grundwasser;3,29300;                                                  ;;mmol/l;Gesamtgehalt;; 
4258743;010409154;1107;1964-04-08;1472;Grundwasser;5,21220;                                                  ;;mmol/l;Gesamtgehalt;; 
4258744;010409154;1107;1964-04-08;1531;Grundwasser;3,00000;                                                  ;;mg/l;Gesamtgehalt;0; 
4258745;010409154;1107;1964-04-08;1690;Grundwasser;23,00000;                                                  ;;1/ml;Gesamtgehalt;GEMAESS DIN 38411-K5 FEBRUAR 1983; 
12184363;010409154;1107;1964-04-08;1244;Grundwasser;10,99999;                                                  ;;mg/l;Gesamtgehalt;DIN 38405-D9-2 MAI 1979; 
4123528;010410107;48500;1922-04-30;1111;Grundwasser;2,21600;                                                  ;;mg/l;Gesamtgehalt;; 
4123529;010410107;48500;1922-04-30;1324;Grundwasser;2,01200;                                                  ;;mg/l;Gesamtgehalt;; 
4123530;010410107;48500;1922-04-30;1327;Grundwasser;0,01400;                                                  ;;mg/l;Gesamtgehalt;; 
4123531;010410107;48500;1922-04-30;1321;Grundwasser;1,40400;                                                  ;;mg/l;Gesamtgehalt;; 
4123532;010410107;48500;1922-04-30;3002;Grundwasser;178,20000;                                                  ;;mg/l;Nach Laborjournal;; 
12887385;010410107;48500;1922-04-30;1248;Grundwasser;2,31939;                                                  ;;mg/l;Gesamtgehalt;; 
3395982;094160090;24635;1964-07-15;1245;Grundwasser;2,25886;                                                  ;;mg/l;Gesamtgehalt;; 
3396345;094160090;24635;1964-07-15;1331;Grundwasser;144,00000;                                                  ;;mg/l;Gesamtgehalt;; 
12363742;094160090;24635;1964-07-15;1244;Grundwasser;9,99997;                                                  ;;mg/l;Gesamtgehalt;; 
3396040;094160090;24635;1969-05-15;1245;Grundwasser;2,25886;                                                  ;;mg/l;Gesamtgehalt;; 
3396403;094160090;24635;1969-05-15;1331;Grundwasser;158,00000;                                                  ;;mg/l;Gesamtgehalt;; 
12363800;094160090;24635;1969-05-15;1244;Grundwasser;9,99997;                                                  ;;mg/l;Gesamtgehalt;; 
3396028;094160090;24635;1968-05-15;1245;Grundwasser;2,48475;                                                  ;;mg/l;Gesamtgehalt;; 
3396391;094160090;24635;1968-05-15;1331;Grundwasser;177,00000;                                                  ;;mg/l;Gesamtgehalt;; 
12363788;094160090;24635;1968-05-15;1244;Grundwasser;10,99999;                                                  ;;mg/l;Gesamtgehalt;; 
3395990;094160090;24635;1965-03-15;1245;Grundwasser;1,58120;                                                  ;;mg/l;Gesamtgehalt;; 
4483480;010409403;1134;1968-09-16;1015;Grundwasser;17,00000;                                                  ;;°C;Nach Laborjournal;DIN 38404-C4 DEZEMBER 1976;ja
4483481;010409403;1134;1968-09-16;1011;Grundwasser;9,00000;                                                  ;;°C;Gesamtgehalt;; 
4483482;010409403;1134;1968-09-16;1061;Grundwasser;7,20000;                                                  ;;-;Gesamtgehalt;DIN 38404-C5 JANUAR 1984; 
4483483;010409403;1134;1968-09-16;1472;Grundwasser;5,60490;                                                  ;;mmol/l;Gesamtgehalt;DIN 38409-H7-1-2 MAI 1979;ja
4483484;010409403;1134;1968-09-16;1331;Grundwasser;17,00000;                                                  ;;mg/l;Nach Laborjournal;DEV D1-4; 
4483485;010409403;1134;1968-09-16;1482;Grundwasser;3,29300;                                                  ;;mmol/l;Gesamtgehalt;; 
4483486;010409403;1134;1968-09-16;1245;Grundwasser;3,16241;                                                  ;;mg/l;Gesamtgehalt;DIN 38405-D9-2 MAI 1979; 
4483487;010409403;1134;1968-09-16;1531;Grundwasser;3,00000;                                                  ;;mg/l;Gesamtgehalt;0; 
1045114;010410077;48072;1969-10-25;1695;Grundwasser;0,00000;                                                  ;;1/100ml;Gesamtgehalt;DIN 38411-K6  JUNI 1991; 
1045104;010410077;48072;1969-10-25;1112;Grundwasser;239,00000;                                                  ;;mg/l;Gesamtgehalt;DIN 38406-E14 JULI 1992; 
1045105;010410077;48072;1969-10-25;1113;Grundwasser;3,25000;                                                  ;;mg/l;Gesamtgehalt;DIN 38406-E13 JULI 1992; 
1045106;010410077;48072;1969-10-25;1121;Grundwasser;26,90000;                                                  ;;mg/l;Gesamtgehalt;DIN 38406-E3-1 SEPTEMBER 1982; 
1045107;010410077;48072;1969-10-25;1122;Grundwasser;69,90000;                                                  ;;mg/l;Gesamtgehalt;DIN 38406-E3-1 SEPTEMBER 1982; 
1045108;010410077;48072;1969-10-25;1171;Grundwasser;1,30000;                                                  ;;mg/l;Gesamtgehalt;ANALOG DIN V 38407-E19-1 VORN. JULI 1993; 
1045109;010410077;48072;1969-10-25;1182;Grundwasser;6,00000;                                                  ;;mg/l;Gesamtgehalt;ANALOG DIN V 38406-E19-2 VORN. JULI 1993; 
1045110;010410077;48072;1969-10-25;1245;Grundwasser;0,21000;                                                  ;;mg/l;Gesamtgehalt;DIN 38405-D19 FEBRUAR 1988; 
1045111;010410077;48072;1969-10-25;1249;Grundwasser;0,73000;                                                  ;;mg/l;Gesamtgehalt;DIN 38406-E5-1 OKTOBER 1983; 
1045112;010410077;48072;1969-10-25;1313;Grundwasser;8,46000;                                                  ;;mg/l;Gesamtgehalt;DIN 38405-D19 FEBRUAR 1988; 
1045113;010410077;48072;1969-10-25;1331;Grundwasser;9,33000;                                                  ;;mg/l;Gesamtgehalt;DIN 38405-D1-2 DEZEMBER 1985; 
3396353;094160090;24635;1965-03-15;1331;Grundwasser;161,00000;                                                  ;;mg/l;Gesamtgehalt;; 
12363750;094160090;24635;1965-03-15;1244;Grundwasser;6,99997;                                                  ;;mg/l;Gesamtgehalt;; 
3396003;094160090;24635;1966-04-15;1245;Grundwasser;2,48475;                                                  ;;mg/l;Gesamtgehalt;; 
12141724;010410077;48072;1969-10-25;1244;Grundwasser;0,92967;                                                  ;;mg/l;Gesamtgehalt;DIN 38405-D19 FEBRUAR 1988; 
12664318;010410077;48072;1969-10-25;1248;Grundwasser;0,94024;                                                  ;;mg/l;Gesamtgehalt;DIN 38406-E5-1 OKTOBER 1983; 
3396016;094160090;24635;1967-05-15;1245;Grundwasser;2,25886;                                                  ;;mg/l;Gesamtgehalt;; 
3396379;094160090;24635;1967-05-15;1331;Grundwasser;170,00000;                                                  ;;mg/l;Gesamtgehalt;; 
12363776;094160090;24635;1967-05-15;1244;Grundwasser;9,99997;                                                  ;;mg/l;Gesamtgehalt;; 
3396041;094160090;24635;1969-06-15;1245;Grundwasser;2,71063;                                                  ;;mg/l;Gesamtgehalt;; 
3396404;094160090;24635;1969-06-15;1331;Grundwasser;158,00000;                                                  ;;mg/l;Gesamtgehalt;; 
12363801;094160090;24635;1969-06-15;1244;Grundwasser;11,99996;                                                  ;;mg/l;Gesamtgehalt;; 
4483490;010409403;1134;1968-09-23;1015;Grundwasser;15,00000;                                                  ;;°C;Nach Laborjournal;DIN 38404-C4 DEZEMBER 1976;ja
4483491;010409403;1134;1968-09-23;1011;Grundwasser;10,00000;                                                  ;;°C;Gesamtgehalt;; 
4483492;010409403;1134;1968-09-23;1061;Grundwasser;7,10000;                                                  ;;-;Gesamtgehalt;DIN 38404-C5 JANUAR 1984; 
4483493;010409403;1134;1968-09-23;1472;Grundwasser;5,49780;                                                  ;;mmol/l;Gesamtgehalt;DIN 38409-H7-1-2 MAI 1979;ja
4483494;010409403;1134;1968-09-23;1331;Grundwasser;17,00000;                                                  ;;mg/l;Nach Laborjournal;DEV D1-4; 
4483495;010409403;1134;1968-09-23;1482;Grundwasser;3,18620;                                                  ;;mmol/l;Gesamtgehalt;; 
4483496;010409403;1134;1968-09-23;1245;Grundwasser;3,61418;                                                  ;;mg/l;Gesamtgehalt;DIN 38405-D9-2 MAI 1979; 
4483497;010409403;1134;1968-09-23;1531;Grundwasser;5,00000;                                                  ;;mg/l;Gesamtgehalt;0; 
12393226;010409403;1134;1968-09-16;1244;Grundwasser;13,99999;                                                  ;;mg/l;Gesamtgehalt;DIN 38405-D9-2 MAI 1979; 
6868287;091130803;24131;1968-08-19;1249;Grundwasser;1,24031;                                                  ;;mg/l;Gesamtgehalt;DEV E5/1; 
6868290;091130803;24131;1968-08-19;1264;Grundwasser;0,01630;                                                  ;;mg/l;Membranfilter;DIN 38405-D11-1 OKTOBER 1983; 
6868288;091130803;24131;1968-08-19;1182;Grundwasser;0,50000;                                                  ;;mg/l;Gesamtgehalt;DEV(7) E1/1; 
6868286;091130803;24131;1968-08-19;1245;Grundwasser;0,13553;                                                  ;;mg/l;Gesamtgehalt;DIN 38405-D9-2 MAI 1979; 
6868283;091130803;24131;1968-08-19;1061;Grundwasser;7,40000;                                                  ;;-;Gesamtgehalt;DIN 38404-C5 JANUAR 1984;ja
6868285;091130803;24131;1968-08-19;1313;Grundwasser;85,00000;                                                  ;;mg/l;Gesamtgehalt;DEV D5-1 6.LIEFERUNG 1971; 
6868284;091130803;24131;1968-08-19;1331;Grundwasser;27,00000;                                                  ;;mg/l;Gesamtgehalt;DIN 38405-D1-1 DEZEMBER 1985; 
3396366;094160090;24635;1966-04-15;1331;Grundwasser;164,00000;                                                  ;;mg/l;Gesamtgehalt;; 
12363763;094160090;24635;1966-04-15;1244;Grundwasser;10,99999;                                                  ;;mg/l;Gesamtgehalt;; 
8289700;100740522;64253;1960-06-29;1245;Grundwasser;10,40000;                                                  ;;mg/l;Nach Laborjournal;DIN 38405-D9-2 MAI 1979; 
8289701;100740522;64253;1960-06-29;1281;Grundwasser;8,30000;                                                  ;;mg/l;Gesamtgehalt;DEV G2-1; 
8289699;100740522;64253;1960-06-29;1061;Grundwasser;7,40000;                                                  ;;-;Gesamtgehalt;DEV C5-2 4.LIEFERUNG 1966; 
8289702;100740522;64253;1960-06-29;1313;Grundwasser;36,00000;                                                  ;;mg/l;Nach Laborjournal;DEV D5-1 6.LIEFERUNG 1971; 
8289703;100740522;64253;1960-06-29;1331;Grundwasser;39,00000;                                                  ;;mg/l;Nach Laborjournal;DEV D1-2,3; 
12316610;100740522;64253;1960-06-29;1244;Grundwasser;46,04080;                                                  ;;mg/l;Nach Laborjournal;DIN 38405-D9-2 MAI 1979; 
3395979;094160090;24635;1964-04-15;1245;Grundwasser;1,80709;                                                  ;;mg/l;Gesamtgehalt;; 
3396342;094160090;24635;1964-04-15;1331;Grundwasser;155,00000;                                                  ;;mg/l;Gesamtgehalt;; 
12363739;094160090;24635;1964-04-15;1244;Grundwasser;7,99999;                                                  ;;mg/l;Gesamtgehalt;; 
9753780;021172109;3528;1968-06-12;1313;Grundwasser;35,00000;                                                  ;;mg/l;Gesamtgehalt;DEV D5-1 6.LIEFERUNG 1971; 
6868289;091130803;24131;1968-08-19;1171;Grundwasser;<0,01000;Konzentration zu gering zur Bestimmung            ;;mg/l;Gesamtgehalt;DIN 38406-E2 MAI 1983; 
12393227;010409403;1134;1968-09-23;1244;Grundwasser;15,99997;                                                  ;;mg/l;Gesamtgehalt;DIN 38405-D9-2 MAI 1979; 
9753777;021172109;3528;1968-06-12;1061;Grundwasser;7,50000;                                                  ;;-;Gesamtgehalt;DIN 38404-C5 JANUAR 1984;ja
9753775;021172109;3528;1968-06-12;1011;Grundwasser;10,00000;                                                  ;;°C;Gesamtgehalt;DIN 38404-C4 DEZEMBER 1976;ja
9753778;021172109;3528;1968-06-12;1531;Grundwasser;5,10000;                                                  ;;mg/l;Nach Laborjournal;; 
9760943;021172109;3528;1968-06-12;1249;Grundwasser;0,93023;                                                  ;;mg/l;Gesamtgehalt;DEV E5/1; 
3395988;094160090;24635;1965-01-15;1245;Grundwasser;2,25886;                                                  ;;mg/l;Gesamtgehalt;; 
3396351;094160090;24635;1965-01-15;1331;Grundwasser;128,00000;                                                  ;;mg/l;Gesamtgehalt;; 
12363748;094160090;24635;1965-01-15;1244;Grundwasser;9,99997;                                                  ;;mg/l;Gesamtgehalt;; 
6868282;091130803;24131;1964-04-07;1121;Grundwasser;24,90000;                                                  ;;mg/l;Gesamtgehalt;DEV(7) E4/2; 
6868279;091130803;24131;1964-04-07;1061;Grundwasser;7,15000;                                                  ;;-;Gesamtgehalt;DIN 38404-C5 JANUAR 1984;ja
6868281;091130803;24131;1964-04-07;1122;Grundwasser;132,40000;                                                  ;;mg/l;Nach Laborjournal;; 
6868280;091130803;24131;1964-04-07;1331;Grundwasser;26,90000;                                                  ;;mg/l;Gesamtgehalt;DIN 38405-D1-1 DEZEMBER 1985; 
12333192;091130803;24131;1968-08-19;1244;Grundwasser;0,59999;                                                  ;;mg/l;Gesamtgehalt;DIN 38405-D9-2 MAI 1979; 
9753781;021172109;3528;1968-06-12;1245;Grundwasser;0,63248;                                                  ;;mg/l;Gesamtgehalt;DIN 38405-D9-2 MAI 1979; 
9753779;021172109;3528;1968-06-12;1331;Grundwasser;46,00000;                                                  ;;mg/l;Gesamtgehalt;DIN 38405-D1-1 DEZEMBER 1985; 
9753776;021172109;3528;1968-06-12;1029;Grundwasser;39,00000;                                                  ;;FNU;Gesamtgehalt;; 
9753785;021172109;3528;1968-06-12;1269;Grundwasser;0,05000;                                                  ;;mg/l;Gesamtgehalt;; 
9753783;021172109;3528;1968-06-12;1182;Grundwasser;1,10000;                                                  ;;mg/l;Gesamtgehalt;DEV(7) E1/1; 
9756648;021172109;3528;1968-06-12;1224;Grundwasser;176,90000;                                                  ;;mg/l;Nach Laborjournal;; 
12409937;021172109;3528;1968-06-12;1244;Grundwasser;2,79999;                                                  ;;mg/l;Gesamtgehalt;DIN 38405-D9-2 MAI 1979; 
12922085;021172109;3528;1968-06-12;1248;Grundwasser;1,19814;                                                  ;;mg/l;Gesamtgehalt;DEV E5/1; 
9756645;021172109;3528;1968-06-12;1482;Grundwasser;2,51785;                                                  ;;mmol/l;Gesamtgehalt;; 
9754748;021172304;3530;1969-07-24;1531;Grundwasser;11,00000;                                                  ;;mg/l;Nach Laborjournal;; 
12848386;091130803;24131;1968-08-19;1248;Grundwasser;1,59752;                                                  ;;mg/l;Gesamtgehalt;DEV E5/1; 
13152097;091130803;24131;1968-08-19;1263;Grundwasser;0,05016;                                                  ;;mg/l;Membranfilter;DIN 38405-D11-1 OKTOBER 1983; 
4123555;010410144;49087;1951-04-30;1331;Grundwasser;1.665,00000;                                                  ;;mg/l;Gesamtgehalt;; 
4123556;010410144;49087;1951-04-30;1321;Grundwasser;5,07500;                                                  ;;mg/l;Membranfilter;; 
4123557;010410144;49087;1951-04-30;1313;Grundwasser;291,10000;                                                  ;;mg/l;Gesamtgehalt;; 
4123558;010410144;49087;1951-04-30;1245;Grundwasser;0,37271;                                                  ;;mg/l;Gesamtgehalt;; 
4123559;010410144;49087;1951-04-30;1247;Grundwasser;0,79878;                                                  ;;mg/l;Gesamtgehalt;; 
4123560;010410144;49087;1951-04-30;1249;Grundwasser;1,19379;                                                  ;;mg/l;Gesamtgehalt;; 
4123561;010410144;49087;1951-04-30;1112;Grundwasser;1.440,00000;                                                  ;;mg/l;Gesamtgehalt;; 
4123562;010410144;49087;1951-04-30;1113;Grundwasser;83,50000;                                                  ;;mg/l;Gesamtgehalt;; 
4123563;010410144;49087;1951-04-30;1122;Grundwasser;43,39000;                                                  ;;mg/l;Gesamtgehalt;; 
4123564;010410144;49087;1951-04-30;1171;Grundwasser;0,01540;                                                  ;;mg/l;Gesamtgehalt;; 
4123565;010410144;49087;1951-04-30;1182;Grundwasser;0,09230;                                                  ;;mg/l;Gesamtgehalt;; 
4123566;010410144;49087;1951-04-30;1131;Grundwasser;0,27700;                                                  ;;mg/l;Gesamtgehalt;; 
4123567;010410144;49087;1951-04-30;1121;Grundwasser;6,26000;                                                  ;;mg/l;Gesamtgehalt;; 
4123568;010410144;49087;1951-04-30;1111;Grundwasser;2,79500;                                                  ;;mg/l;Gesamtgehalt;; 
4123569;010410144;49087;1951-04-30;1123;Grundwasser;2,80400;                                                  ;;mg/l;Gesamtgehalt;; 
4123570;010410144;49087;1951-04-30;1164;Grundwasser;124,50000;                                                  ;;µg/l;Gesamtgehalt;; 
4123571;010410144;49087;1951-04-30;1161;Grundwasser;144,00000;                                                  ;;µg/l;Gesamtgehalt;; 
4123572;010410144;49087;1951-04-30;1324;Grundwasser;2,07000;                                                  ;;mg/l;Gesamtgehalt;; 
4123573;010410144;49087;1951-04-30;1327;Grundwasser;0,10200;                                                  ;;mg/l;Gesamtgehalt;; 
4123574;010410144;49087;1951-04-30;1224;Grundwasser;673,60000;                                                  ;;mg/l;Gesamtgehalt;; 
12374503;010410144;49087;1951-04-30;1244;Grundwasser;1,64999;                                                  ;;mg/l;Gesamtgehalt;; 
3396007;094160090;24635;1966-08-15;1245;Grundwasser;2,48475;                                                  ;;mg/l;Gesamtgehalt;; 
3396370;094160090;24635;1966-08-15;1331;Grundwasser;169,00000;                                                  ;;mg/l;Gesamtgehalt;; 
12363767;094160090;24635;1966-08-15;1244;Grundwasser;10,99999;                                                  ;;mg/l;Gesamtgehalt;; 
3396030;094160090;24635;1968-07-15;1245;Grundwasser;2,93652;                                                  ;;mg/l;Gesamtgehalt;; 
3396393;094160090;24635;1968-07-15;1331;Grundwasser;172,00000;                                                  ;;mg/l;Gesamtgehalt;; 
12363790;094160090;24635;1968-07-15;1244;Grundwasser;12,99997;                                                  ;;mg/l;Gesamtgehalt;; 
3395977;094160090;24635;1964-02-15;1245;Grundwasser;2,48475;                                                  ;;mg/l;Gesamtgehalt;; 
3396340;094160090;24635;1964-02-15;1331;Grundwasser;157,00000;                                                  ;;mg/l;Gesamtgehalt;; 
12363737;094160090;24635;1964-02-15;1244;Grundwasser;10,99999;                                                  ;;mg/l;Gesamtgehalt;; 
9754753;021172304;3530;1969-07-24;1182;Grundwasser;0,06000;                                                  ;;mg/l;Gesamtgehalt;DEV(7) E1/1; 
9754745;021172304;3530;1969-07-24;1011;Grundwasser;10,00000;                                                  ;;°C;Gesamtgehalt;DIN 38404-C4 DEZEMBER 1976;ja
9754750;021172304;3530;1969-07-24;1313;Grundwasser;10,00000;                                                  ;;mg/l;Gesamtgehalt;DEV D5-1 6.LIEFERUNG 1971; 
9754754;021172304;3530;1969-07-24;1171;Grundwasser;0,04000;                                                  ;;mg/l;Gesamtgehalt;DIN 38406-E2 MAI 1983; 
9760864;021172304;3530;1969-07-24;1224;Grundwasser;42,70000;                                                  ;;mg/l;Nach Laborjournal;; 
9754752;021172304;3530;1969-07-24;1249;Grundwasser;1,93798;                                                  ;;mg/l;Gesamtgehalt;DEV E5/1; 
9754747;021172304;3530;1969-07-24;1061;Grundwasser;7,36000;                                                  ;;-;Gesamtgehalt;DIN 38404-C5 JANUAR 1984;ja
9754749;021172304;3530;1969-07-24;1331;Grundwasser;45,00000;                                                  ;;mg/l;Gesamtgehalt;DIN 38405-D1-1 DEZEMBER 1985; 
9754751;021172304;3530;1969-07-24;1245;Grundwasser;0,13553;                                                  ;;mg/l;Gesamtgehalt;DIN 38405-D9-2 MAI 1979; 
9754746;021172304;3530;1969-07-24;1029;Grundwasser;50,00000;                                                  ;;FNU;Gesamtgehalt;; 
12409959;021172304;3530;1969-07-24;1244;Grundwasser;0,59999;                                                  ;;mg/l;Gesamtgehalt;DIN 38405-D9-2 MAI 1979; 
12609971;010410144;49087;1951-04-30;1246;Grundwasser;2,62399;                                                  ;;mg/l;Gesamtgehalt;; 
12922107;021172304;3530;1969-07-24;1248;Grundwasser;2,49612;                                                  ;;mg/l;Gesamtgehalt;DEV E5/1; 
12887387;010410144;49087;1951-04-30;1248;Grundwasser;1,53760;                                                  ;;mg/l;Gesamtgehalt;; 
9760861;021172304;3530;1969-07-24;1482;Grundwasser;0,50000;                                                  ;;mmol/l;Gesamtgehalt;; 
16711025;219279317;35574;1969-11-04;1015;Grundwasser;14,30000;                                                  ;;°C;Gesamtgehalt;nach Laborjournal; 
16652408;218209319;31439;1969-12-02;1011;Grundwasser;10,50000;                                                  ;;°C;Gesamtgehalt;DIN 38404-C4 DEZEMBER 1976 ;ja
16652409;218209319;31439;1969-12-02;1432;Grundwasser;322,00000;                                                  ;;mg/l;Gesamtgehalt;nach Laborjournal; 
16652410;218209319;31439;1969-12-02;1433;Grundwasser;272,00000;                                                  ;;mg/l;Gesamtgehalt;nach Laborjournal; 
16652411;218209319;31439;1969-12-02;1531;Grundwasser;6,00000;                                                  ;;mg/l;Membranfilter;nach Laborjournal; 
16652412;218209319;31439;1969-12-02;1248;Grundwasser;0,43000;                                                  ;;mg/l;Gesamtgehalt;nach Laborjournal; 
16652413;218209319;31439;1969-12-02;1249;Grundwasser;0,33000;                                                  ;;mg/l;Gesamtgehalt;nach Laborjournal; 
16652414;218209319;31439;1969-12-02;1244;Grundwasser;<0,90000;Konzentration zu gering zur Bestimmung            ;0,90000;mg/l;Gesamtgehalt;nach Laborjournal; 
16652415;218209319;31439;1969-12-02;1245;Grundwasser;<0,20000;Konzentration zu gering zur Bestimmung            ;0,20000;mg/l;Gesamtgehalt;nach Laborjournal; 
16652416;218209319;31439;1969-12-02;1262;Grundwasser;0,04000;                                                  ;;mg/l;Membranfilter;nach Laborjournal; 
16652417;218209319;31439;1969-12-02;1261;Grundwasser;0,12000;                                                  ;;mg/l;Membranfilter;nach Laborjournal; 
16652418;218209319;31439;1969-12-02;1331;Grundwasser;10,00000;                                                  ;;mg/l;Gesamtgehalt;nach Laborjournal; 
16652419;218209319;31439;1969-12-02;1313;Grundwasser;10,00000;                                                  ;;mg/l;Gesamtgehalt;nach Laborjournal; 
16652420;218209319;31439;1969-12-02;1472;Grundwasser;5,60000;                                                  ;;mmol/l;Gesamtgehalt;nach Laborjournal; 
16652421;218209319;31439;1969-12-02;1112;Grundwasser;4,00000;                                                  ;;mg/l;Gesamtgehalt;nach Laborjournal; 
16652422;218209319;31439;1969-12-02;1113;Grundwasser;<1,00000;Konzentration zu gering zur Bestimmung            ;1,00000;mg/l;Gesamtgehalt;nach Laborjournal; 
16652423;218209319;31439;1969-12-02;1182;Grundwasser;10,64000;                                                  ;;mg/l;Membranfilter;nach Laborjournal; 
16652424;218209319;31439;1969-12-02;1171;Grundwasser;0,59000;                                                  ;;mg/l;Membranfilter;nach Laborjournal; 
16652425;218209319;31439;1969-12-02;1122;Grundwasser;92,00000;                                                  ;;mg/l;Membranfilter;nach Laborjournal; 
16652426;218209319;31439;1969-12-02;1121;Grundwasser;15,00000;                                                  ;;mg/l;Membranfilter;nach Laborjournal; 
16652427;218209319;31439;1969-12-02;1269;Grundwasser;0,04000;                                                  ;;mg/l;Membranfilter;nach Laborjournal; 
16652428;218209319;31439;1969-12-02;1061;Grundwasser;5,90000;                                                  ;;-;Gesamtgehalt;DIN 38404-C5 JANUAR 1984 ;ja
16652429;218209319;31439;1969-12-02;1082;Grundwasser;44,20000;                                                  ;;mS/m;Gesamtgehalt;nach Laborjournal; 
16652430;218209319;31439;1969-12-02;1482;Grundwasser;2,91000;                                                  ;;mmol/l;Nach Laborjournal;nach Laborjournal; 
16711026;219279317;35574;1969-11-04;1011;Grundwasser;9,80000;                                                  ;;°C;Gesamtgehalt;DIN 38404-C4 DEZEMBER 1976 ;ja
16711027;219279317;35574;1969-11-04;1432;Grundwasser;615,00000;                                                  ;;mg/l;Gesamtgehalt;nach Laborjournal; 
16711028;219279317;35574;1969-11-04;1433;Grundwasser;471,00000;                                                  ;;mg/l;Gesamtgehalt;nach Laborjournal; 
16711029;219279317;35574;1969-11-04;1531;Grundwasser;4,00000;                                                  ;;mg/l;Membranfilter;nach Laborjournal; 
16711030;219279317;35574;1969-11-04;1244;Grundwasser;43,90000;                                                  ;;mg/l;Gesamtgehalt;nach Laborjournal; 
16711031;219279317;35574;1969-11-04;1245;Grundwasser;9,92000;                                                  ;;mg/l;Gesamtgehalt;nach Laborjournal; 
16711032;219279317;35574;1969-11-04;1262;Grundwasser;0,03000;                                                  ;;mg/l;Membranfilter;nach Laborjournal; 
16711033;219279317;35574;1969-11-04;1261;Grundwasser;0,09000;                                                  ;;mg/l;Membranfilter;nach Laborjournal; 
16711034;219279317;35574;1969-11-04;1331;Grundwasser;70,00000;                                                  ;;mg/l;Gesamtgehalt;nach Laborjournal; 
16711035;219279317;35574;1969-11-04;1313;Grundwasser;144,00000;                                                  ;;mg/l;Gesamtgehalt;nach Laborjournal; 
16711036;219279317;35574;1969-11-04;1472;Grundwasser;3,90000;                                                  ;;mmol/l;Gesamtgehalt;nach Laborjournal; 
16711037;219279317;35574;1969-11-04;1112;Grundwasser;20,00000;                                                  ;;mg/l;Gesamtgehalt;nach Laborjournal; 
16711038;219279317;35574;1969-11-04;1113;Grundwasser;<3,00000;Konzentration zu gering zur Bestimmung            ;3,00000;mg/l;Gesamtgehalt;nach Laborjournal; 
16711039;219279317;35574;1969-11-04;1182;Grundwasser;0,10000;                                                  ;;mg/l;Membranfilter;nach Laborjournal; 
16711040;219279317;35574;1969-11-04;1171;Grundwasser;<0,01000;Konzentration zu gering zur Bestimmung            ;0,01000;mg/l;Membranfilter;nach Laborjournal; 
16711041;219279317;35574;1969-11-04;1122;Grundwasser;148,00000;                                                  ;;mg/l;Membranfilter;nach Laborjournal; 
16711042;219279317;35574;1969-11-04;1121;Grundwasser;17,00000;                                                  ;;mg/l;Membranfilter;nach Laborjournal; 
16711043;219279317;35574;1969-11-04;1269;Grundwasser;0,03000;                                                  ;;mg/l;Membranfilter;nach Laborjournal; 
16711044;219279317;35574;1969-11-04;1061;Grundwasser;6,80000;                                                  ;;-;Gesamtgehalt;DIN 38404-C5 JANUAR 1984 ;ja
16711045;219279317;35574;1969-11-04;1082;Grundwasser;70,90000;                                                  ;;mS/m;Gesamtgehalt;nach Laborjournal; 
16711046;219279317;35574;1969-11-04;1482;Grundwasser;4,39000;                                                  ;;mmol/l;Nach Laborjournal;nach Laborjournal; 
16727819;279480015;42637;1969-12-17;1011;Grundwasser;10,00000;                                                  ;;°C;Gesamtgehalt;DIN 38404-C4 DEZEMBER 1976 ;ja
16727820;279480015;42637;1969-12-17;1432;Grundwasser;772,00000;                                                  ;;mg/l;Gesamtgehalt;nach Laborjournal; 
16727821;279480015;42637;1969-12-17;1433;Grundwasser;596,00000;                                                  ;;mg/l;Gesamtgehalt;nach Laborjournal; 
16727822;279480015;42637;1969-12-17;1531;Grundwasser;6,00000;                                                  ;;mg/l;Membranfilter;nach Laborjournal; 
16727823;279480015;42637;1969-12-17;1248;Grundwasser;<0,10000;Konzentration zu gering zur Bestimmung            ;0,10000;mg/l;Gesamtgehalt;nach Laborjournal; 
16727824;279480015;42637;1969-12-17;1249;Grundwasser;<0,08000;Konzentration zu gering zur Bestimmung            ;0,08000;mg/l;Gesamtgehalt;nach Laborjournal; 
16727825;279480015;42637;1969-12-17;1246;Grundwasser;<0,30000;Konzentration zu gering zur Bestimmung            ;0,30000;mg/l;Gesamtgehalt;nach Laborjournal; 
16727826;279480015;42637;1969-12-17;1247;Grundwasser;<0,09000;Konzentration zu gering zur Bestimmung            ;0,09000;mg/l;Gesamtgehalt;nach Laborjournal; 
16727827;279480015;42637;1969-12-17;1244;Grundwasser;3,30000;                                                  ;;mg/l;Gesamtgehalt;nach Laborjournal; 
16727828;279480015;42637;1969-12-17;1245;Grundwasser;0,75000;                                                  ;;mg/l;Gesamtgehalt;nach Laborjournal; 
16727829;279480015;42637;1969-12-17;1262;Grundwasser;0,03000;                                                  ;;mg/l;Membranfilter;nach Laborjournal; 
16727830;279480015;42637;1969-12-17;1261;Grundwasser;0,09000;                                                  ;;mg/l;Membranfilter;nach Laborjournal; 
16727831;279480015;42637;1969-12-17;1331;Grundwasser;121,00000;                                                  ;;mg/l;Gesamtgehalt;nach Laborjournal; 
16727832;279480015;42637;1969-12-17;1313;Grundwasser;171,00000;                                                  ;;mg/l;Gesamtgehalt;nach Laborjournal; 
16727833;279480015;42637;1969-12-17;1472;Grundwasser;4,20000;                                                  ;;mmol/l;Gesamtgehalt;nach Laborjournal; 
16727834;279480015;42637;1969-12-17;1112;Grundwasser;10,00000;                                                  ;;mg/l;Gesamtgehalt;nach Laborjournal; 
16727835;279480015;42637;1969-12-17;1113;Grundwasser;1,00000;                                                  ;;mg/l;Gesamtgehalt;nach Laborjournal; 
16727836;279480015;42637;1969-12-17;1182;Grundwasser;1,00000;                                                  ;;mg/l;Membranfilter;nach Laborjournal; 
16727837;279480015;42637;1969-12-17;1122;Grundwasser;192,00000;                                                  ;;mg/l;Membranfilter;nach Laborjournal; 
16727838;279480015;42637;1969-12-17;1121;Grundwasser;27,00000;                                                  ;;mg/l;Membranfilter;nach Laborjournal; 
16727839;279480015;42637;1969-12-17;1269;Grundwasser;0,03000;                                                  ;;mg/l;Membranfilter;nach Laborjournal; 
16727840;279480015;42637;1969-12-17;1061;Grundwasser;7,10000;                                                  ;;-;Gesamtgehalt;DIN 38404-C5 JANUAR 1984 ;ja
16727841;279480015;42637;1969-12-17;1082;Grundwasser;84,60000;                                                  ;;mS/m;Gesamtgehalt;nach Laborjournal; 
16727842;279480015;42637;1969-12-17;1482;Grundwasser;5,90000;                                                  ;;mmol/l;Nach Laborjournal;nach Laborjournal; 
